SPECIES;NAME;LAT;LONG;MAX_AGE;MIN_AGE;MIS;PERIOD;EARLY_INTERVALL;LATE_INTERVALL;BASIN;COUNTRY;SP_SYNONYM;REFERENCE;;;;;
Mammuthus meridionalis;Ain Hanech;35.417;4.133;1.82;1.78;66-64;NA;;;Atlas;Algeria;Elephas maghrebiensis:Elephas moghrebiensis;"Sahnouni, M. (1998): The site of Ain Hanech revisited: new investigations at this Lower Pleistocene site in Northern Algeria. In: Journal of Archaeological Science (25), S. 1083–1101.      Sahnouni, M.; Hadjouis, D.; van der Made, J.; Derradji, A.E.K.; Canals, A.; Medig, M. et al. (2002): Further research at the Oldowan site of Ain Hanech, North-eastern Algeria. In: Journal of Human Evolution (43), S. 925–937.";;;;;
Mammuthus meridionalis;El Kherba;36.667;5.668611111;1.833666667;1.778;103-64;NA;;;Atlas;Algeria;Elephas maghrebiensis:Elephas moghrebiensis;;;;;;
Mammuthus meridionalis;El-Kherba;35.41666667;4.133333333;1.9;0.0117;103-1;NA;;;Atlas;Algeria;Elephas maghrebiensis:Elephas moghrebiensis;;;;;;
Mammuthus meridionalis;Mansourah;36.1667;6;1.9;0.0117;103-1;NA;;;Atlas;Algeria;Elephas maghrebiensis:Elephas moghrebiensis;;;;;;
Mammuthus meridionalis;Boz-Dag;41;46.4;1.945;0.781;74-19;NA;;;Kura - Kartli;Azerbaijan;Elephas maghrebiensis:Elephas moghrebiensis;;;;;;
Mammuthus meridionalis;Nakhichevan;39.2089;45.41222222;3.497666667;2.58;103-64;NA;;;\N;Azerbaijan;Elephas maghrebiensis:Elephas moghrebiensis;;;;;;
Mammuthus meridionalis;Thorington;52.311943;1.399444;1.92;1.88;73-71;NA;Gelasian;;;England;;"Zalasiewicz, J. A.; Mathers, S. J.; Gibbard, P. L.; Peglar, S. M.; Funnell, B. M.; Catt, J. A. et al. (1991): Age and relationships of the Chillesford Clay (early Pleistocene: Suffolk, England). In: Philosophical Transactions of the Royal Society B-Biological Sciences (333), S. 81–100.    Richards, A. E.; Gibbard, P. L.; Pettit, M. E. (1999): The sedimentology and palaeoecology of the Westleton Member of the Norwich Crag Formation (Early Pleistocene) at Thorington, Suffolk, England. In: Geological Magazine (136), S. 453–464.";;;;;
Mammuthus meridionalis;Abbeville (Somme River terrace), Pas de Calais;50.003887;1.886111;0.25;0.25;8;K;Late Pleistocene;;;France;;"Haesaerts, P.; Hus, J.; Dupuis, C. (2021): Les nappes alluviales de la Basse Somme revisitées. Revisiting the terrasses of the lower Somme valley. In: L'Anthropologie (125), S. 102899.";;;;;
Mammuthus meridionalis;Blassac-la-Girondie, Auvergne, France;45.166668;3.416667;2.331;2.239;90-86;NA;MNQ19;;;France;;"Paquette, J.-L.; Médard, E.; Poidevin, J.-L.; Barbet, P. (2021): Precise dating of middle to late Villafranchian mammalian paleofaunae from the Upper Allier River valley (French Massif Central) using U-Pb geochronology on volcanic zircons. In: Quaternary Geochronology (65), S. 101198.";;;;;
Mammuthus meridionalis;Chilhac;45.09;3.27;1.69;1.71;60;K;;;\N;France;Elephas maghrebiensis:Elephas moghrebiensis;"Bordes, F.; Thibault, C. (1977): Thoughts on the initial adaptation of Hominids to European glacial climates. In: Quaternary Research (8), S. 115–127.";;;;;
Mammuthus meridionalis;Coupet;45.08;3.33;2.5;1.9;100-72;NA;;;\N;France;Elephas maghrebiensis:Elephas moghrebiensis;;;;;;
Mammuthus meridionalis;Durfort, Gard;43.933334;3.95;0.8;0.75;19;NA;Middle Pleistocene;;;France;;J.-P. Brugal. 1994. Le bison (Bovidae, Artiodactyla) de Pleistocene moyen ancien de Durfort (Gard, France). Bulletin Musee Nationale de Histoire Naturelle, Paris, 4th Series, Section C 16(2-4):349-381;;;;;
Mammuthus meridionalis;Saint Vallier;45.167;4.817;2.5;2.3;100-94;NA;Middle Villafranchian;;Bresse - Jura;France;Elephas maghrebiensis:Elephas moghrebiensis;"Bordes, F.; Thibault, C. (1977): Thoughts on the initial adaptation of Hominids to European glacial climates. In: Quaternary Research (8), S. 115–127.";;;;;
Mammuthus meridionalis;Saint-Prest;48.450001;1.5;1.05;1.01;30-29;NA;Pleistocene;;;France;;"C. Guerin, Y. Dewolf, and JP Lautridou. 2003. Revision d'un site paleontologique celebre: Saint-Prest (Chartres, France). GÃ©obios 36:55-82     Agostini, S.; Palombo, M. R.; Rossi, M. A.; Di Canzio, E.; Tallini, M. (2012): Mammuthus meridionalis (Nesti, 1825) from Campo di Pile (L'Aquila, Abruzzo, Central Italy). In: Quaternary International (276-277), S. 42–52.";;;;;
Mammuthus meridionalis;Sainzelles;45;4;1.8114;1.3;103-64;NA;;;\N;France;Elephas maghrebiensis:Elephas moghrebiensis;;;;;;
Mammuthus meridionalis;Senèze (Domeyrat);45.25;3.516667;2.19;2.09;83-79;NA;;Pleistocene;;France;;"Pastre, J.-F.; Debard, E.; Nomade, S.; Guillou, H.; Faure, M.; Guérin, C.; Delson, E. (2015): Nouvelles données géologiques et téphrochronologiques sur le gisement paléontologique du maar de Senèze (Pléistocène inférieur, massif central, France). In: Quaternaire (26), S. 225–244.";;;;;
Mammuthus meridionalis;Vallonnet Cave bed 3, Roquebrune-Cap-Martin, Alpes Maritimes;43.765556;7.458889;1.05;1;30;K;Early Pleistocene;;;France;;"Moullé, P.-E.; Lacombat, F.; Echassoux, A. (2006): Apport des grands mammifères de la grotte du Vallonnet (Roquebrune-Cap.Martin, Alpes-Maritimes, France) à la connaissance du cadre biochronologique de la seconde moitié du Pléistocène inférieur d'Europe. In: L'Anthropologie (110), S. 837–849.";;;;;
Mammuthus meridionalis;Akhalkalaki;41.54333333;43.46083333;0.98;0.78;27-19;NA;;;\N;Georgia;Elephas maghrebiensis:Elephas moghrebiensis;"Tappen, M.; Adler, D. S.; Ferring, C. R.; Gabunia, M.; Vekua, A.; Swisher III, C. C. (2002): Akhalkalaki: the taphonomy of an Early Pleistocene locality in the Republic of Georgia. In: Journal of Archaeological Science (29), S. 1367–1391.";;;;;
Mammuthus meridionalis;Dmanisi, Lesser Caucasus;41.329166;44.195;1.77;1.77;63;W;Early Pleistocene;;;Georgia;;L. Gabunia, A. Vekua, and D. Lordkipanidze, C. C. Swisher III, R. Ferring, A. Justus, M. Nioradze, M. Tvalchrelidze, S. C. AntÃ³n, G. Bosinski, O. JÃ¶ris, M.-A. de Lumley, Givi Majsuradze, Aleksander Mouskhelishvili. 2000. Earliest Pleistocene hominid cranial remains from Dmanisi, Republic of Georgia: taxonomy, geological setting, and age. Science 288:1019-1025;;;;;
Mammuthus meridionalis;Kotsakhuri, Middle Kura Basin;41.214802;46.09711;2.2;2;85-79;NA;MN17, Akchagylian  Apsherionian;;;Georgia;;"Bukshianidze, M.; Koiava, K. (2018): Synopsis of the terrestrial vertebrate faunas from the Middle Kura Basin (Eastern Georgia and Western Azerbaijan, South Caucasus). In: Acta Palaeontologica Polonica (63), S. 441–461.";;;;;
Mammuthus meridionalis;Tsalka;41.575;44.08333333;1.4;1.3;45;W;;;\N;Georgia;Archidiskodon meridionalis;"Kahlke, Ralf-Dietrich; García, Nuria; Kostopoulos, Dimitris S.; Lacombat, Frédéric; Lister, Adrian M.; Mazza, Paul P.A. et al. (2011): Western Palaearctic palaeoenvironmental conditions during the Early and early Middle Pleistocene inferred from large mammal communities, and implications for hominin dispersal in Europe. In: Quaternary Science Reviews 30 (11-12), S. 1368–1395. DOI: 10.1016/j.quascirev.2010.07.020.";;;;;
Mammuthus meridionalis;Untermassfeld;51.1667;11.1667;1.072;0.988;103-23;NA;;;Northwest German;Germany;Elephas maghrebiensis:Elephas moghrebiensis;;;;;;
Mammuthus meridionalis;Apollonia-1, Mygdonia Basin;40.60365;23.40868;1.6;1.5;56-53;NA;;;;Greece;;"Koufos, G. D.; Syrides, G. E.; Kostopoulos, D. S.; Koliadimou, K. K. (1995): Preliminary results about the stratigraphy and the palaeoenvironment of Mygdonia Basin, Macedonia, Greece. In: Geobios (28), S. 243–249.     Konidaris, G. E.; Kostopoulos, D. S.; Koufos, G. D. (2020): Mammuthus meridionalis (Nesti, 1825) from Apollonia-1 (Mygdonia Basin, Northern Greece) and its importance within the Early Pleistocene mammoth evolution in Europe. In: Geodiversitas (42), S. 69–91.";;;;;
Mammuthus meridionalis;Gerakarou 1 (GER);40.38;23.4;1.9;1.4;73-49;NA;MNQ18;;Northern Aegean;Greece;Elephas maghrebiensis:Elephas moghrebiensis;"Kostopoulos, D. S.; Athanassiou, A. (2003): In the shadow of Bovids: Suids, Cervids and Giraffids from the Plio-Pleistocene of Greece. In: Quaternaire (2), S. 179–190.";;;;;
Mammuthus meridionalis;Kapetanios;37.983334;21.799999;1.94;0.56;73-15;NA;;;;Greece;;G. D. Koufos. 2001. The Villafranchian mammalian faunas and biochronology of Greece. Bollettino della Societa Paleontologica Italiana 40(2):217-223;;;;;
Mammuthus meridionalis;Kos;36.893;27.289;2;1.6;78-59;NA;;;Southern Aegean;Greece;Elephas maghrebiensis:Elephas moghrebiensis;Koufos, G. D. (2006): The Neogene mammal localities of Greece: faunas, chronology and biostratigraphy. In: Hellenic Journal of Geosciences (41), S. 183–214.;;;;;
Mammuthus meridionalis;Megalopolis;37.15;22.15;1.9;0.5;72-13;NA;;;Ionian Sea;Greece;Elephas maghrebiensis:Elephas moghrebiensis;;;;;;
Mammuthus meridionalis;Polylakkos;40.15;21.2;2.588;1.9;103-72;NA;;;Ionian Sea;Greece;Elephas maghrebiensis:Elephas moghrebiensis;"Gkeme, A.; Koufos, G. D.; Kostopoulos, D. S.: The Early Pleistocene stenonoid horse from Libakos (Western Macedonia, Greece): Biochronological and palaoecological implications and dispersal events. In: 15th RCMNS Congress, Athens, 2017.";;;;;
Mammuthus meridionalis;Q-Profil;40.15;21.2;3.55;0.5;MG10-13;NA;;;Ionian Sea;Greece;Elephas maghrebiensis:Elephas moghrebiensis;;;;;;
Mammuthus meridionalis;Sesklon;39.3442;22.8248;2.588;2.52;103-100;NA;;;;Greece;;Koufos, G. D. (2001): The Villafranchian mammalian faunas and biochronology of Greece. In: Bolletino-Societa Paleontologica Italiana (40), S. 217–223.;;;;;
Mammuthus meridionalis;Vatera-DS (VTR-DS);39.26138889;26.27861111;2.5;1.9;100-75;NA;;;;Greece;;Koufos, G. D. (2006): The Neogene mammal localities of Greece: faunas, chronology and biostratigraphy. In: Hellenic Journal of Geosciences (41), S. 183–214.;;;;;
Mammuthus meridionalis;Vatera-F (VTR-F);39.26138889;26.27861111;2.5;1.9;100-72;NA;;;Northern Aegean;Greece;Elephas maghrebiensis:Elephas moghrebiensis;Koufos, G. D. (2006): The Neogene mammal localities of Greece: faunas, chronology and biostratigraphy. In: Hellenic Journal of Geosciences (41), S. 183–214.;;;;;
Mammuthus meridionalis;Vatera-U (VTR-U);39.054414;26.281173;2.5;1.4;100-49;NA;;;;Greece;;Koufos, G. D. (2006): The Neogene mammal localities of Greece: faunas, chronology and biostratigraphy. In: Hellenic Journal of Geosciences (41), S. 183–214.;;;;;
Mammuthus meridionalis;KislÃ¡ng;46.58;18.23;3.55;2.5;MG10-103;NA;;;Pannonian;Hungary;Elephas maghrebiensis:Elephas moghrebiensis;;;;;;
Mammuthus meridionalis;VillÃ¡ny 3;46.2;18.3;3.55;1.9;MG10-72;NA;;;Pannonian;Hungary;Elephas maghrebiensis:Elephas moghrebiensis;;;;;;
Mammuthus meridionalis;Ubeidiya;32.6667;35.5833;1.981;1.2;103-64;NA;;;Sinai - Levant;Israel;Elephas maghrebiensis:Elephas moghrebiensis;;;;;;
Mammuthus meridionalis;'Ubeidiya Formation site II-23;32.683334;35.566666;1.4;1;46-31;NA;Pleistocene;;;Israel;;S. Gaudzinski. 2004. Subsistence patterns of Early Pleistocene hominids in the Levant - taphonomic evidence from the 'Ubeidiya Formation. Journal of Archaeological Science 31:65-75;;;;;
Mammuthus meridionalis;Campo del Merlo;41.96666667;12.35;0.85;0.7;21-18;NA;Early Middle Pleistocene;;Tyrrhenian Sea - Tuscany;Italy;Elephas maghrebiensis:Elephas moghrebiensis;"Palombo, M. R.; Ferretti, M. (2005): Elephant fossil record from Italy: knowledge, problems, and perspectives. In: Quaternary International (126), S. 107–136.";;;;;
Mammuthus meridionalis;Campo di Pile, L'Aquila, Abruzzo;42.351744;13.338038;1.09;1.07;31;W;Early Pleistocene;;;Italy;;"Agostini, S.; Palombo, M. R.; Rossi, M. A.; Di Canzio, E.; Tallini, M. (2012): Mammuthus meridionalis (Nesti, 1825) from Campo di Pile (L'Aquila, Abruzzo, Central Italy). In: Quaternary International (276-277), S. 42–52.";;;;;
Mammuthus meridionalis;Casa Frata, Arezzo, Upper Valdarno, Tuscany;43.616669;11.466667;1.8;1.6;66-59;NA;Middle Pleistocene;;;Italy;;"Cioppi, E.; Napoleone, G. (2001): The fossil vertebrate database of the natural history museum of Florence and high-resolution magnetic stratigraphy in the Upper Valdarno Basin, as a clue to date old collections. In: Rivist Italiana di Paleontologia e Stratigrafia (107), S. 297–303.";;;;;
Mammuthus meridionalis;Cava Redicicoli;41.98;12.53;0.79;0.805;20;K;;;\N;Italy;Elephas maghrebiensis:Elephas moghrebiensis;"Marra, F.; Pandolfi, L.; Petronio, C.; Di Stefano, G.; Gaeta, M.; Salari, L. (2014): Reassessing the sedimentary deposits and vertebrate assemblages from Ponte Galeria area (Rome, central Italy): An archive for the Middle Pleistocene faunas of Europe. In: Earth-Science Reviews 139, S. 104–122. DOI: 10.1016/j.earscirev.2014.08.014.";;;;;
Mammuthus meridionalis;Colle Curti, Macerata;42.967151;12.942198;1.062;0.988;30-28;NA;;;Northern Apennines;Italy;Elephas maghrebiensis:Elephas moghrebiensis;"Kahlke, Ralf-Dietrich; García, Nuria; Kostopoulos, Dimitris S.; Lacombat, Frédéric; Lister, Adrian M.; Mazza, Paul P.A. et al. (2011): Western Palaearctic palaeoenvironmental conditions during the Early and early Middle Pleistocene inferred from large mammal communities, and implications for hominin dispersal in Europe. In: Quaternary Science Reviews 30 (11-12), S. 1368–1395. DOI: 10.1016/j.quascirev.2010.07.020.";;;;;
Mammuthus meridionalis;Coste San Giacomo;42;14.4167;2.23;2.2;85;W;;;Southern Apennines;Italy;Elephas maghrebiensis:Elephas moghrebiensis;"Sardella, R.; Bellucci, L.; Bona, F.; Cherin, M.; Iurino, D. A.; Rook, L. (2018): Before and after the earliest Homo dispersal in Europe: Evidence from the early Pleistocene sites of the Italian Peninsula. In: Comptes Rendus Palevol (17), S. 287–295.";;;;;
Mammuthus meridionalis;Crostolo;44.61666667;10.56666667;1.9;0.0117;103-1;NA;;;Tyrrhenian Sea - Tuscany;Italy;Elephas maghrebiensis:Elephas moghrebiensis;;;;;;
Mammuthus meridionalis;Farneta;43.6667;12;1.8615;1.681;103-23;NA;;;Tyrrhenian Sea - Tuscany;Italy;\N;;;;;;
Mammuthus meridionalis;La Salita di Oriolo, Faenza, Emilia Romagna;44.2589;11.8872;1.1;0.95;33-25;NA;;;;Italy;;"Ferretti, M. (1999): Mammuthus meridionalis (Mammalia, Proboscidea, Elephantidae) from the ""Sabbie Gialle"" of Oriolo (Cava La Salita, Faenza, Northern Italy) and other European late populations of southern mammoth. In: Eclogae Geologicae Helvetiae (92), S. 503–515.";;;;;
Mammuthus meridionalis;Matassino;43.3333;11.0833;1.981;1.889333333;103-64;NA;;;Tyrrhenian Sea - Tuscany;Italy;Elephas maghrebiensis:Elephas moghrebiensis;;;;;;
Mammuthus meridionalis;Monte Mario;41.92;12.45;1.8;1.5;103-64;NA;;;\N;Italy;Elephas maghrebiensis:Elephas moghrebiensis;;;;;;
Mammuthus meridionalis;Montopoli;43.5;11;2.581;2.32;103-64;NA;;;Tyrrhenian Sea - Tuscany;Italy;Elephas maghrebiensis:Elephas moghrebiensis;;;;;;
Mammuthus meridionalis;Olivola;44.4167;10;2.138;1.981;103-64;NA;;;Tyrrhenian Sea - Tuscany;Italy;Elephas maghrebiensis:Elephas moghrebiensis;;;;;;
Mammuthus meridionalis;Oriolo;40.05;16.56666667;1.9;0.0117;103-1;NA;;;Southern Apennines;Italy;Elephas maghrebiensis:Elephas moghrebiensis;;;;;;
Mammuthus meridionalis;Pantalla;42.8742;12.4003;1.9;1.6;73-59;NA;Olivola FU;Tasso FU;Tyrrhenian Sea - Tuscany;Italy;Elephas maghrebiensis:Elephas moghrebiensis;"Sardella, R.; Bellucci, L.; Bona, F.; Cherin, M.; Iurino, D. A.; Rook, L. (2018): Before and after the earliest Homo dispersal in Europe: Evidence from the early Pleistocene sites of the Italian Peninsula. In: Comptes Rendus Palevol (17), S. 287–295.";;;;;
Mammuthus meridionalis;Pirro Nord;41.80194444;15.38472222;1.9;0.781;103-19;NA;;;Southern Apennines;Italy;Elephas maghrebiensis:Elephas moghrebiensis;;;;;;
Mammuthus meridionalis;Poggio Rosso, Upper Valdarno;43.62583333;11.48472222;1.8;1.8;71-70;NA;;;\N;Italy;Elephas maghrebiensis:Elephas moghrebiensis;"Kahlke, Ralf-Dietrich; García, Nuria; Kostopoulos, Dimitris S.; Lacombat, Frédéric; Lister, Adrian M.; Mazza, Paul P.A. et al. (2011): Western Palaearctic palaeoenvironmental conditions during the Early and early Middle Pleistocene inferred from large mammal communities, and implications for hominin dispersal in Europe. In: Quaternary Science Reviews 30 (11-12), S. 1368–1395. DOI: 10.1016/j.quascirev.2010.07.020.";;;;;
Mammuthus meridionalis;Rio Pradella;44.33333333;11.81666667;1.9;0.0117;103-1;NA;;;Po;Italy;Elephas maghrebiensis:Elephas moghrebiensis;;;;;;
Mammuthus meridionalis;Rocca Santo Stefano, L'Aquila, Abruzzo;42.33766;13.25797;1.28;1.07;39-31;;older than Jaramillo, younger than MIS 40;;;Italy;;"Agostini, S.; Palombo, M. R.; Rossi, M. A.; Di Canzio, E.; Tallini, M. (2012): Mammuthus meridionalis (Nesti, 1825) from Campo di Pile (L'Aquila, Abruzzo, Central Italy). In: Quaternary International (276-277), S. 42–52.";;;;;
Mammuthus meridionalis;Selvella;44.2117;10.5628;3.55;1.9;103-64;NA;;;Tyrrhenian Sea - Tuscany;Italy;Elephas maghrebiensis:Elephas moghrebiensis;;;;;;
Mammuthus meridionalis;Serbaro di Romagnano, Commune di Grezzana, Verona;46.016666;11.1;0.781;0.126;19-5e;NA;Middle Pleistocene;;;Italy;;M. Bon, G. Piccoli, and B. Sala. 1991. I giacimenti Quaternari di vertebrati fossili nell'Italia Nord-Orientale. Memorie degli Instituti di Geologia e Mineralogia dell'Universita di Padova 47:185-231;;;;;
Mammuthus meridionalis;Soave, Verona;45.422667;11.231845;0.15;0.1;6;K;Uppermost Lower Pleistocene;;;Italy;;Kahlke, H. D.: The macro-faunas of continental Europe during the Middle Pleistocene: Stratigraphic sequence and problems of intercorrelation. In: After the Australopithecines: Stratigraphy, Ecology and Culture Change in the Middle Pleistocene.;;;;;
Mammuthus meridionalis;Upper Valdarno;43.3333;11.0833;1.95;1.8;74-71;NA;Late Villafranchian, Olivola FU;;Tyrrhenian Sea - Tuscany;Italy;Elephas maghrebiensis:Elephas moghrebiensis;"Baygusheva, V.; Titov, V. V. (2012): The evolution of Eastern European meridionaloid elephants' dental characteristics. In: Quaternary International (255), S. 206–216.    Napoleone, G.; Albianelli, A.; Azzaroli, A.; Mazzini, M. (2001): The Poggio Rosso locality calibrated to the end-Pliocene and its significance for dating the late Villafranchian mammal faunas of the Upper Valdarno, Central Italy. In: Rivist Italiana di Paleontologia e Stratigrafia (107), S. 287–296.";;;;;
Mammuthus meridionalis;Charyn upper;43.6;79.4;2.45;2.175;97-83;NA;;;West Tien Shan Intermontane;Kazakhstan;Elephas maghrebiensis:Elephas moghrebiensis;;;;;;
Mammuthus meridionalis;Kopala 2;43.4;79;3;2.175;103-64;NA;;;West Tien Shan Intermontane;Kazakhstan;Archidiskodon meridionalis;;;;;;
Mammuthus meridionalis;Podpusk;51.3;77.988;2;1.9;76;NA;;;Omsk/Nyurolka Sub-basin - West Siberia;Kazakhstan;Archidiskodon meridionalis;Vislobokova, Inesa (2005): On Pliocene faunas with Proboscideans in the territory of the former Soviet Union. In: Quaternary International 126-128, S. 93–105. DOI: 10.1016/j.quaint.2004.04.017.;;;;;
Mammuthus meridionalis;Salchia/ Salcia;46.937835;29.16815;2;1.9;76;K;;;;Moldova;;"Kahlke, Ralf-Dietrich; García, Nuria; Kostopoulos, Dimitris S.; Lacombat, Frédéric; Lister, Adrian M.; Mazza, Paul P.A. et al. (2011): Western Palaearctic palaeoenvironmental conditions during the Early and early Middle Pleistocene inferred from large mammal communities, and implications for hominin dispersal in Europe. In: Quaternary Science Reviews 30 (11-12), S. 1368–1395. DOI: 10.1016/j.quascirev.2010.07.020.";;;;;
Mammuthus meridionalis;Domburg;51.583687;3.479655;2;1.6;77-58;NA;Middle Miocene;Early Pleistocene;;Netherlands;;D. J. Scager, H.-J. Ahrens, and F. E. Dieleman, L. W. van den Hoek Ostende, J. de Vos, J. W. F. Reumer. 2017. The Kor & Bot collection revisited, with a biostratigraphic interpretation of the Early Pleistocene Oosterschelde Fauna (Oosterschelde Estuary, the Netherlands). Deinsea 17:16-31;;;;;
Mammuthus meridionalis;Noordzee I;52.467;4.617;2.725;1.9;103-64;NA;;;Southern North Sea - Anglo-Dutch;Netherlands;Elephas maghrebiensis:Elephas moghrebiensis;;;;;;
Mammuthus meridionalis;Oosterschelde;51.628677;3.742984;2.3;2.25;90-87;NA;Early Pleistocene;;;Netherlands;;D. J. Scager, H.-J. Ahrens, and F. E. Dieleman, L. W. van den Hoek Ostende, J. de Vos, J. W. F. Reumer. 2017. The Kor & Bot collection revisited, with a biostratigraphic interpretation of the Early Pleistocene Oosterschelde Fauna (Oosterschelde Estuary, the Netherlands). Deinsea 17:16-31;;;;;
Mammuthus meridionalis;Tegelen;51.35;6.1667;1.7;1.7;62;K;TC5-6;;Southern North Sea - Anglo-Dutch;Netherlands;Elephas maghrebiensis:Elephas moghrebiensis;"Kahlke, Ralf-Dietrich; García, Nuria; Kostopoulos, Dimitris S.; Lacombat, Frédéric; Lister, Adrian M.; Mazza, Paul P.A. et al. (2011): Western Palaearctic palaeoenvironmental conditions during the Early and early Middle Pleistocene inferred from large mammal communities, and implications for hominin dispersal in Europe. In: Quaternary Science Reviews 30 (11-12), S. 1368–1395. DOI: 10.1016/j.quascirev.2010.07.020.";;;;;
Mammuthus meridionalis;La Pietris, Tetoiu 1 lower faunal horizon;44.75;23.916668;2;1.6;77-58;NA;Pleistocene;;;Romania;;"Radulescu, C.; Samson, P.-M.; Petulescu, A.; Stiucã, E. (2003): Pliocene large mammals of Romania. In: Coloquios de Paleontología (1), S. 549–558.";;;;;
Mammuthus meridionalis;Leu;44.25;24.0833;3.55;1.9;MG10-72;NA;;;Moesian Platform;Romania;Elephas maghrebiensis:Elephas moghrebiensis;;;;;;
Mammuthus meridionalis;Pietris;44.53;24;2.5;1.9;100-72;NA;;;Moesian Platform;Romania;Elephas maghrebiensis:Elephas moghrebiensis;;;;;;
Mammuthus meridionalis;Roscai;44.53;24;2.5;1.9;100-72;NA;;;Moesian Platform;Romania;Elephas maghrebiensis:Elephas moghrebiensis;;;;;;
Mammuthus meridionalis;Slatina 2;47;25;2.5;1.9;100-72;NA;;;Transylvanian;Romania;Archidiskodon meridionalis;;;;;;
Mammuthus meridionalis;Valea Graunceanului, Tetoiu 1 lower faunal horizon;44.75;23.916668;2;1.6;77-58;NA;Pleistocene;;;Romania;;"Radulescu, C.; Samson, P.-M.; Petulescu, A.; Stiucã, E. (2003): Pliocene large mammals of Romania. In: Coloquios de Paleontología (1), S. 549–558.";;;;;
Mammuthus meridionalis;Valea Roscai, Tetoiu 1 lower faunal horizon;44.75;23.916668;2;1.6;77-58;NA;Pleistocene;;;Romania;;"Radulescu, C.; Samson, P.-M.; Petulescu, A.; Stiucã, E. (2003): Pliocene large mammals of Romania. In: Coloquios de Paleontología (1), S. 549–558.";;;;;
Mammuthus meridionalis;Ajdyrlja;52.2;59.35;3.497666667;2.58;103-64;NA;;;\N;Russia;Elephas maghrebiensis:Elephas moghrebiensis;;;;;;
Mammuthus meridionalis;Liventsovka (Rostov-on-Don);47;40;2.4;2.15;96-82;NA;MN17;;Indolo-Kuban;Russia;Archidiskodon meridionalis;Vislobokova, Inesa (2005): On Pliocene faunas with Proboscideans in the territory of the former Soviet Union. In: Quaternary International 126-128, S. 93–105. DOI: 10.1016/j.quaint.2004.04.017.;;;;;
Mammuthus meridionalis;Psekoups, northern Ciscaucasia;44.83139;39.211388;2;1.9;76;K;Beginning of Late Villafranchian;;;Russia;;Vislobokova, Inesa (2005): On Pliocene faunas with Proboscideans in the territory of the former Soviet Union. In: Quaternary International 126-128, S. 93–105. DOI: 10.1016/j.quaint.2004.04.017.;;;;;
Mammuthus meridionalis;Rostov (na Donu) - Taganrog;47.2333;39.71388889;3.497666667;2.58;103-64;NA;;;Indolo-Kuban;Russia;Elephas maghrebiensis:Elephas moghrebiensis;;;;;;
Mammuthus meridionalis;Sinyaya Balka, Taman peninsula;45.314307;37.079107;0.995;1.01;28;K;;;;Russia;;"Agostini, S.; Palombo, M. R.; Rossi, M. A.; Di Canzio, E.; Tallini, M. (2012): Mammuthus meridionalis (Nesti, 1825) from Campo di Pile (L'Aquila, Abruzzo, Central Italy). In: Quaternary International (276-277), S. 42–52.";;;;;
Mammuthus meridionalis;Stavropol-Kavkazskij;45;42.1;5.333;2.58;103-64;NA;;;North Caucasus;Russia;Elephas maghrebiensis:Elephas moghrebiensis;;;;;;
Mammuthus meridionalis;Tash-Kala;43.3;45.7;1.945;0.781;74-19;NA;;;North Caucasus;Russia;Elephas maghrebiensis:Elephas moghrebiensis;;;;;;
Mammuthus meridionalis;Vinodelnoe (Kutsaj);45.4;42.7;3.497666667;2.58;103-64;NA;;;North Caucasus;Russia;Elephas maghrebiensis:Elephas moghrebiensis;;;;;;
Mammuthus meridionalis;Nova Vieska;47.867;18.45;3.55;1.9;MG10-72;NA;;;Pannonian;Slovakia;Elephas maghrebiensis:Elephas moghrebiensis;;;;;;
Mammuthus meridionalis;Strekov;47.883;18.433;3.55;1.9;MG10-72;NA;;;Pannonian;Slovakia;Elephas maghrebiensis:Elephas moghrebiensis;;;;;;
Mammuthus meridionalis;Barranc de la Boella;41.136057;1.16983;0.96;0.78;26-19;NA;;;;Spain;;"Mosquera, M.; Saladie, P.; Olle, A.; Caceres, I.; Huguet, R.; Villalain, J. J. et al. (2015): Barranc de la Boella (Catalonia, Spain): an Acheulean elephant butchering site from teh European late Early Pleistocene. In: Journal of Quaternary Science (30), S. 651–666.     Lozano-Fernández, I.; Bañuls-Cardona, S.; Blain, H.-A.; López-García, J. M.; Vallverdu, J.; Agustí, J.; Cuenca-Bescós, G. (2014): Biochronological data inferred from the Early Pleistocene small mammals of the Barranc de la Boella site (Tarragona, north-eastern Spain). In: Journal of Quaternary Science (29), S. 722–728.";;;;;
Mammuthus meridionalis;Barranco Leon-5;37.72361111;-2.452222222;1.4;1.4;46-50;NA;;;Betic Cordillera;Spain;Elephas maghrebiensis:Elephas moghrebiensis;"Ros-Montoya, S.; Bartolini-Lucenti, S.; Espigares, M. P.; Palmqvist, P.; Martinez-Navarro; B. (2021): First review of Lyncodontini material (Mustelidae, Carnivora, Mammalia) from the lower Pleistocene archaeo-paleontological sites of Orce (Southeastern Spain). In: Rivista Italiana di Paleontologia e Stratigrafia (127), S. 33–47.";;;;;
Mammuthus meridionalis;Fonelas P-1;37.416668;-3.166667;1.806;1.806;65;W;Gelasian MNQ18;;;Spain;;"Arribas, A.; Riquelme, J. A.; Palmqvist, P.; Garrido, G.; Hernández, R.; Laplana, C. et al. (2001): Un nuevo yacimiento de grandes mamíferos villafranquienses en la Cuenca de Guadix-Baza (Granada): Fonelas P-1, primer registro de una fauna próxima al límite Plio-Pleistoceno en la Península Ibérica. In: Boletín Geológico y Minero (112), S. 3–34.     Kahlke, Ralf-Dietrich; García, Nuria; Kostopoulos, Dimitris S.; Lacombat, Frédéric; Lister, Adrian M.; Mazza, Paul P.A. et al. (2011): Western Palaearctic palaeoenvironmental conditions during the Early and early Middle Pleistocene inferred from large mammal communities, and implications for hominin dispersal in Europe. In: Quaternary Science Reviews 30 (11-12), S. 1368–1395. DOI: 10.1016/j.quascirev.2010.07.020.";;;;;
Mammuthus meridionalis;Fuente Nueva 3;37.716667;-2.466667;1.3;1.3;42-44;NA;Pleistocene;;;Spain;;"Espigares, M. P.; Martínez-Navarro, B.; Palmqvist, P.; Ros-Montoya, S.; Toro, I.; Agustí, J.; Sala, R. (2013): Homo vs. Pachycrocuta: Earliest evidence of competition for an elephant carcass between scavengers at Fuente Nueva-3 (Orce, Spain). In: Quaternary International (295), S. 113–125.";;;;;
Mammuthus meridionalis;HuÃ©lago;37.417;-3.25;3.55;2.5;MG10-103;NA;;;Betic Cordillera;Spain;Elephas maghrebiensis:Elephas moghrebiensis;;;;;;
Mammuthus meridionalis;Huéscar 1, Baza basin, Granada;37.83318;-2.52088;1;0.9;29-27;NA;;;;Spain;;"Ros-Montoya, S.; Palombo, M. R.; Patrocinio Espigares, M.; Palmqvist, P.; Martínez-Navarro, B. (2018): The mammoth from the archaeo-paleontological site of Huéscar-1: A tile in the puzzling question of the replacement of Mammuthus meridionalis by Mammuthus trogontherii in the late Early Pleistocene of Europe. In: Quaternary Science Reviews (197), S. 336–351.";;;;;
Mammuthus meridionalis;Incarcal I, Crespià, Catalonia;41.98444444;2.821111111;1.1;1.05;33-30;NA;;;Valencia Trough;Spain;Elephas maghrebiensis:Elephas moghrebiensis;"Ros-Montoya, S.; Madurell-Malapeira, J.; Martínez-Navarro, B.; Espigares, M. P.; Palmqvist, P. (2012): Late Villafranchian Mammuthus meridionalis (Nesti, 1825) from the Iberian Peninsula: Dentognathic remains from Incarcal-I (Crespià, Girona) and Venta Micena (Orce, Granada). In: Quaternary International (276), S. 17–22.";;;;;
Mammuthus meridionalis;La Puebla de Valverde;40.2;-0.9;2.5;1.9;100-72;NA;;;Iberian Range;Spain;Elephas maghrebiensis:Elephas moghrebiensis;;;;;;
Mammuthus meridionalis;Láchar, Granada;37.200001;-3.833333;0.9;0.8;23-22;NA;Vallonet to earliest Cromerian;;;Spain;;Aguirre, E.: The Pliocene-Pleistocene transition in the Iberian Peninsula. In: The Pleistocene Bounadary and the Beginning of the Quaternary, Bd. 41, S. 169.;;;;;
Mammuthus meridionalis;Llobregat River area, Barcelona;41.3475;2.043056;2.588;0.781;103-19;NA;Early Pleistocene;;;Spain;;H. D. Kahlke. 1975. The Macrofaunas of continental Europe during the Middle Pleistocene: stratigraphic sequence and problems of intercorrelation. in K.W. Butzer and G.L. Isaac, eds., After the Australopithecines. Mouton, The Hague.;;;;;
Mammuthus meridionalis;Venta Micena, Orce, Grenada;37.716667;-2.466667;1.6;1.5;56-53;NA;Early Pleistocene;;;Spain;;"Espigares, M. P.; Martínez-Navarro, B.; Palmqvist, P.; Ros-Montoya, S.; Toro, I.; Agustí, J.; Sala, R. (2013): Homo vs. Pachycrocuta: Earliest evidence of competition for an elephant carcass between scavengers at Fuente Nueva-3 (Orce, Spain). In: Quaternary International (295), S. 113–125.    Ros-Montoya, S.; Madurell-Malapeira, J.; Martínez-Navarro, B.; Espigares, M. P.; Palmqvist, P. (2012): Late Villafranchian Mammuthus meridionalis (Nesti, 1825) from the Iberian Peninsula: Dentognathic remains from Incarcal-I (Crespià, Girona) and Venta Micena (Orce, Granada). In: Quaternary International (276), S. 17–22.";;;;;
Mammuthus meridionalis;Venta Micena-2;37.73638889;-2.403611111;1.9;0.5;103-13;NA;;;Betic Cordillera;Spain;Elephas maghrebiensis:Elephas moghrebiensis;;;;;;
Mammuthus meridionalis;Venta Micena-4;37.733;-2.405;1.945;0.781;74-19;NA;;;Betic Cordillera;Spain;Elephas maghrebiensis:Elephas moghrebiensis;;;;;;
Mammuthus meridionalis;Koktyurlyuk;40.3;70;3.497666667;2.58;MG7-103;NA;;;Fergana;Tajikistan;Elephas maghrebiensis:Elephas moghrebiensis;;;;;;
Mammuthus meridionalis;Kuruksaj;38.4;69.7;3;2.45;G20-97;NA;;;Afghan - Tajik;Tajikistan;Elephas maghrebiensis:Elephas moghrebiensis;;;;;;
Mammuthus meridionalis;Oksukon;40.517;70.4;2.45;1.9;96-75;NA;;;Fergana;Tajikistan;Elephas maghrebiensis:Elephas moghrebiensis;;;;;;
Mammuthus meridionalis;Denizli Basin, Southwest Anatolia;37.70147;29.160259;1.3;1.2;41-39;NA;;;;Turkey;;"Boulbes, N.; Mayda, S.; Titov, V. V.; Alcicek, M. C. (2014): The Late Villafranchian large mammals from the Denizli Basin travertines (Southwest Anatolia, Turkey). In: Anthropologie (118), S. 44–73.";;;;;
Mammuthus meridionalis;Hasanpasa;37.256;29.912;3.55;1.9;MG10-72;NA;;;Korkuteli-Kas;Turkey;Elephas maghrebiensis:Elephas moghrebiensis;;;;;;
Mammuthus meridionalis;Kocabas;37.8675;29.33805556;1.778;1.044;63-23;NA;;;\N;Turkey;Archidiskodon meridionalis;;;;;;
Mammuthus meridionalis;YukarisÃ¶gutÃ¶nu;39.827;30.429;1.9;0.0117;103-1;NA;;;\N;Turkey;Elephas maghrebiensis:Elephas moghrebiensis;;;;;;
Mammuthus meridionalis;Berdjansk;46.8;36.8;3.497666667;2.58;103-64;NA;;;Indolo-Kuban;Ukraine;Elephas maghrebiensis:Elephas moghrebiensis;;;;;;
Mammuthus meridionalis;Ljapino;47.2;37.2;3.497666667;2.58;103-64;NA;;;Indolo-Kuban;Ukraine;Elephas maghrebiensis:Elephas moghrebiensis;;;;;;
Mammuthus meridionalis;Marganets;47.2;34.3;0.621;0.424;16-12;K?;;;Karkinitsk;Ukraine;Elephas maghrebiensis:Elephas moghrebiensis;;;;;;
Mammuthus meridionalis;Nogajsk (Primorsk);46.86;36.7;1.588888889;1.433333333;63-23;NA;;;Indolo-Kuban;Ukraine;\N;;;;;;
Mammuthus meridionalis;Zhdanov;47.2;37.2;3.497666667;2.58;103-64;NA;;;Indolo-Kuban;Ukraine;Elephas maghrebiensis:Elephas moghrebiensis;;;;;;
Mammuthus meridionalis;Zhevakhova Gora;46.583;30.767;3.497666667;2.58;103-64;NA;;;Karkinitsk;Ukraine;Elephas maghrebiensis:Elephas moghrebiensis;;;;;;
Mammuthus meridionalis;Southern Great Basin SB36C;35.667222;-105.964444;1.8;0.9;64-28;NA;;;Rio Grande;United States of America;Elephas maghrebiensis:Elephas moghrebiensis;;;;;;
Mammuthus meridionalis;Southern Great Basin SB37E;35.667222;-105.964444;1.8;0.9;64-28;NA;;;Rio Grande;United States of America;Elephas maghrebiensis:Elephas moghrebiensis;;;;;;
Mammuthus meridionalis;Tijeras Arroyo;35.099998;-106.800003;1.8;0.3;64-11;NA;Irvingtonian;;;United States of America;;S. G. Lucas, T. E. Williamson, and J. Sobus. 1993. Plio-Pleistocene stratigraphy, paleoecology, and mammalian biochronology, Tijeras Arroyo, Albuquerque area, New Mexico. New Mexico Geology 15(1):1-8;;;;;
Mammuthus meridionalis;Kairakkum;38.317;67.3;2.5;1.9;100-72;NA;;;Afghan - Tajik;Uzbekistan;Archidiskodon meridionalis;;;;;;
Mammuthus meridionalis;Aalen Goldshöfe bei Aalen;48.900002;10.116667;1.8;1.6;65-59;NA;Early Calabrian;;;;;W. von Koenigswald and W.-D. Heinrich. 1999. Mittelpleistozane Saugetierfaunen aus Mitteleuropa - der Versuch einer biostratigraphischen Zuordnung. Kaupia 9:53-112;;;;;
Mammuthus meridionalis;Antimachia - Kos Island;36.810833;27.091389;3.2;3.6;Gi2-K6;NA;Early Pleistocene;;;;;G. Koufos. 2006. The Neogene mammal localities of Greece: Faunas, chronology and biostratigraphy. Hellenic Journal of Geosciences 41:183-214;;;;;
Mammuthus meridionalis;Aydyrlya;52.159721;59.726944;3.6;2.588;103-64;NA;Late Pliocene;;;;;E. I. Belyaeva. 1948. Catalogue of Tertiary Fossil Sites of the Land Mammals in the U.S.S.R.;;;;;
Mammuthus meridionalis;Bachatsk Quarry;54;86;1.07;0.99;31-28;NA;Early Pleistocene;;;;;M. V. Sotnikova and I. V. Foronova. 2014. First Asian record of Panthera (Leo) fossilis (Mammalia, Carnivora, Felidae) in the Early Pleistocene of Western Siberia, Russia. Integrative Zoology 9(4):517-530;;;;;
Mammuthus meridionalis;Borrego Badlands;33.246435;-116.226747;1.1;1.1;35-33;NA;;;;;;"McDaniel, G. E.; Jefferson, G. T. (2003): Mammuthus meridionalis (Proboscidea: Elephantidae) from the Borrego Badlands of Anza-Borrego Desert State Park ®, California: phylogenetic and biochronologic implications. In: Deinsea 9 (1), S. 239–252. Online verfügbar unter https://natuurtijdschriften.nl/pub/538683.";;;;;
Mammuthus meridionalis;Boz-Dag;40.382778;49.607498;2.588;1.806;103-64;NA;Gelasian;;;;;E. I. Belyaeva. 1948. Catalogue of Tertiary Fossil Sites of the Land Mammals in the U.S.S.R.;;;;;
Mammuthus meridionalis;Budapest-Kobanya;47;19;3.2;2.588;103-64;NA;Villanyian;;;;;M. C. McKenna and S. K. Bell. 1997. Classification of Mammals Above the Species Level;;;;;
Mammuthus meridionalis;Cardamena;36.785;27.139723;2.588;0.781;103-19;NA;Early Pleistocene;;;;;C. Airaghi. 1928. Mammiferi pliocenici dellâ€™isola di Coo (Dodecaneso). Atti della SocietÃ  Italiana di Scienze Naturali e del Museo Civico di Storia Naturale in Milano 67(2):125-135;;Calabrian;Calabrian, Middle Pleistocene;Calabrian, Middle Pleistocene;Pajak, iii et al.
Mammuthus meridionalis;Cevoli;43.596943;10.603611;2.588;0.0117;103-1;NA;Pleistocene;;;;;G. Bianucci and W. Landini. 2005. I paleositi a vertebrati fossili della Provinia di Pisa. Atti della SocietÃ  Toscana di Scienze Naturali - Memorie serie A 110:1-21;;;;;
Mammuthus meridionalis;Ceyssaguet, Lavoûte-sur-Loire, Haute-Loire;45.11239;3.88093;1.2;1.2;37-39;NA;;;;;;"Argant, J.; Bonifay, M.-F. (2011): Les coprolithes de hyène (Pachycrocuta brevirostris) de la couche 2 du site villafranchien de Ceyssaguet (Lavoûte-sur-Loire, Haute-Loire, France): analyse pollinique et indications paléoenvironnementales. In: Quaternaire (22), S. 3–11.";;;;;
Mammuthus meridionalis;Chianni;43.403332;10.7925;5.333;2.588;MG1-103;NA;;;;;;G. Bianucci and W. Landini. 2005. I paleositi a vertebrati fossili della Provinia di Pisa. Atti della SocietÃ  Toscana di Scienze Naturali - Memorie serie A 110:1-21;;;;;
Mammuthus meridionalis;Chilhac 2;45.133331;3.45;2.2;2.1;85-83;NA;MNQ 17;;;;;"Boivin, P.; Barbet, P.; Boef, O.; Devouard, B.; Besson, J.-C.; Hénot, J.-M. et al. (2010): Geological setting of the lower Pleistocene fossil deposits of Chilac (Haute-Loire, France). In: Quaternary International (223), S. 107–115.";;;;;
Mammuthus meridionalis;Cueva Victoria;37.616669;-0.866667;0.814;0.75;20-18;NA;Pleistocene;;;;;E. Carbonell, J. Estevez, and S. Moya-Sola, J. Pons-Moya, J. Agusti, J. F. de Villalta. 1981. Cueva Victoria (Murcia, Espana): Lugar de ocupacion humana mas antiguo de la Peninsula Iberica. Endins, Ciutat de Mallorca 8:47-57;;;;;
Mammuthus meridionalis;Dealul Viilor, Tetoiu 3 upper faunal horizon;44.75;23.916668;2.588;0.0117;103-1;NA;Pleistocene;;;;;C. Radulesco and P. Samson. 1990. The Plio-Pleistocene mammalian succession of the Oltet Valley, Dacic Basin, Romania. Quatarpalaontologie 8:225-232;;;;;
Mammuthus meridionalis;Dove Holes, Derbyshire;53.298332;-1.891389;0.781;0.126;19-5e;NA;Middle Pleistocene;;;;;H. E. P. Spencer and R. V. Melville. 1974. The Pleistocene mammalian fauna of Dove Holes, Derbyshire. Bulletin of the Geological Society of Great Britain 48:43-53;;;;;
Mammuthus meridionalis;Ercsi;47.25;18.9;3.2;2.588;103-64;NA;Villanyian;;;;;M. C. McKenna and S. K. Bell. 1997. Classification of Mammals Above the Species Level;;;;;
Mammuthus meridionalis;Erpfinger Höhle;48.36907;9.21519;1.7;1.7;63;W;Late Middle Villafranchian;Early Late Villafranchian;;;;"Kahlke, Ralf-Dietrich; García, Nuria; Kostopoulos, Dimitris S.; Lacombat, Frédéric; Lister, Adrian M.; Mazza, Paul P.A. et al. (2011): Western Palaearctic palaeoenvironmental conditions during the Early and early Middle Pleistocene inferred from large mammal communities, and implications for hominin dispersal in Europe. In: Quaternary Science Reviews 30 (11-12), S. 1368–1395. DOI: 10.1016/j.quascirev.2010.07.020.             Abel, T.; Harlacher, C.; Ufrecht, W. (2003): zur plio-pleistozänene Entwicklung der Bären- und Karlshähle bei Erpfingen (Schwäbische Alb) unter Berücksichtigung der Sinterchronologie. In: Laichinger Höhlenfreund (2), S. 39–106.";;;;;
Mammuthus meridionalis;Eskisehir;39.776669;30.520555;1;0.781;28-19;NA;Pleistocene;;;;;"Ocako?lu, F.; Akkiraz, M. S. (2019): A Lower Pleistocene to Holocene terrestrial record from the Eski?ehir Graben (Central Anatolia): Paleoclimatic and morphotectonic implications. In: Quaternary International (510), S. 88–99.";;;;;
Mammuthus meridionalis;Fauglia;43.569168;10.508611;2.588;0.0117;103-1;NA;;;;;;G. Bianucci and W. Landini. 2005. I paleositi a vertebrati fossili della Provinia di Pisa. Atti della SocietÃ  Toscana di Scienze Naturali - Memorie serie A 110:1-21;;;;;
Mammuthus meridionalis;Felixstow;51.963333;1.351389;0.8;0.5;21-15;NA;Forest Bed, fluvio-marine deposits;;;;;Adams, A. L. (1881): Monograph on the british fossil elephants. London.;;;;;
Mammuthus meridionalis;Fintina lui Mitilan (lower faunal level), Tetoiu 2 middle faunal horizon;44.650002;23.933332;1.8;1.78;64;K;Early Pleistocene;;;;;"Kahlke, Ralf-Dietrich; García, Nuria; Kostopoulos, Dimitris S.; Lacombat, Frédéric; Lister, Adrian M.; Mazza, Paul P.A. et al. (2011): Western Palaearctic palaeoenvironmental conditions during the Early and early Middle Pleistocene inferred from large mammal communities, and implications for hominin dispersal in Europe. In: Quaternary Science Reviews 30 (11-12), S. 1368–1395. DOI: 10.1016/j.quascirev.2010.07.020.";;;;;
Mammuthus meridionalis;Fintina lui Mitilan (upper faunal level), Tetoiu 2 middle faunal horizon;44.650002;23.933332;1.8;1.78;64;K;Early Pleistocene;;;;;"Kahlke, Ralf-Dietrich; García, Nuria; Kostopoulos, Dimitris S.; Lacombat, Frédéric; Lister, Adrian M.; Mazza, Paul P.A. et al. (2011): Western Palaearctic palaeoenvironmental conditions during the Early and early Middle Pleistocene inferred from large mammal communities, and implications for hominin dispersal in Europe. In: Quaternary Science Reviews 30 (11-12), S. 1368–1395. DOI: 10.1016/j.quascirev.2010.07.020.";;;;;
Mammuthus meridionalis;Fratesti 3 (Fratesti s.s.);44.099998;26.333332;0.781;0.126;19-5e;NA;Middle Pleistocene;;;;;M. U. Feru, C. Radulescu, and P. Samson. 1983. Succession des Mammiferes Plio-Pleistocenes dans le Bassin Dacique (Roumanie). Ann. Inst. Geol. Geophys. 59:161-167;;;;;
Mammuthus meridionalis;Gialtra;38.870277;22.975834;2.588;0.781;103-19;NA;Early Pleistocene;;;;;P. Psarianos and E. Thenius. 1954. Ãœber Elephas (Archidiskodon) meridionalis (Elephant., Mammal.) von Euboea (Griechenland). Praktika Akadimias Athinon (Proceedings of the Academy of Athens) 28:413-424;;;;;
Mammuthus meridionalis;Horstead;52.729168;1.346389;0.8;0.5;21-15;NA;Forest Bed, fluvio-marine deposits;;;;;Adams, A. L. (1881): Monograph on the british fossil elephants. London.;;;;;
Mammuthus meridionalis;Ioannina;39.678612;20.841667;2.588;0.781;103-19;NA;Early Pleistocene;;;;;J. K. Melentis. 1960. Ein Beitrag zur Kenntnis der Verbreitung von Elephas (Archidiskodon) meridionalis archaicus DepÃ©ret und Mayet, 1923. Annales Geologiques des Pays Helleniques 11:266-284;;;;;
Mammuthus meridionalis;Izvoru, Layer 1;44.416668;24.183332;2.588;0.781;103-19;NA;Early Pleistocene;;;;;M. C. McKenna and S. K. Bell. 1997. Classification of Mammals Above the Species Level;;;;;
Mammuthus meridionalis;Jockgrim, Pfalz;49.166668;8.283333;0.6;0.5;16-14;NA;Middle Middle Pleistocene;;;;;W. von Koenigswald and W.-D. Heinrich. 1999. Mittelpleistozane Saugetierfaunen aus Mitteleuropa - der Versuch einer biostratigraphischen Zuordnung. Kaupia 9:53-112;;;;;
Mammuthus meridionalis;Kairakkum C2 Formation;41;69;5.333;2.588;103-64;NA;Pliocene;;;;;M. C. McKenna and S. K. Bell. 1997. Classification of Mammals Above the Species Level;;;;;
Mammuthus meridionalis;Kalamotó 1;40.530277;23.368055;1.2;1;36-31;NA;Early Pleistocene;;;;;E. Tsoukala and K. Chatzopoulou. 2005. A New Early Pleistocene (Latest Villafranchian) Site with Mammals in KalamotÃ³ (Mygdonia Basin, Macedonia, Greece) â€“ Preliminary Report. Mitt. Komm. QuartÃ¤rforsch. Ã–sterr. Akad. Wiss 14:213-233;;;;;
Mammuthus meridionalis;Kalamotó 2;40.526943;23.371944;1.2;1;36-31;NA;Early Pleistocene;;;;;E. Tsoukala and K. Chatzopoulou. 2005. A New Early Pleistocene (Latest Villafranchian) Site with Mammals in KalamotÃ³ (Mygdonia Basin, Macedonia, Greece) â€“ Preliminary Report. Mitt. Komm. QuartÃ¤rforsch. Ã–sterr. Akad. Wiss 14:213-233;;;;;
Mammuthus meridionalis;Kislang;46.966667;18.383333;3.2;2.588;103-64;NA;Villanyian;;;;;M. C. McKenna and S. K. Bell. 1997. Classification of Mammals Above the Species Level;;;;;
Mammuthus meridionalis;Kopala 1;43.4;79;3.275;2.725;103-64;NA;;;;;;;;;;;
Mammuthus meridionalis;Kos - Kardámaena;36.78014;27.13579;3.4;1.8;MG5-69;NA;;;;;;Koufos, G. D. (2006): The Neogene mammal localities of Greece: faunas, chronology and biostratigraphy. In: Hellenic Journal of Geosciences (41), S. 183–214.;;;;;
Mammuthus meridionalis;Kosyakino, upper alluvial deposits;45.033333;41.816666;2.71;2.72;G6;NA;late Moldavian, MN15 or much younger;;;;;Vislobokova, Inesa (2005): On Pliocene faunas with Proboscideans in the territory of the former Soviet Union. In: Quaternary International 126-128, S. 93–105. DOI: 10.1016/j.quaint.2004.04.017.;;;;;
Mammuthus meridionalis;La Malouteyre, Haute-Loire;45.066666;3.85;5.333;0.0117;103-1;NA;Pliocene;Pleistocene;;;;M. F. Bonifay. 1973. Principaux gisements paleontologiques Francais du Pleistocene Moyen: Essai de classification. Le Quaternaire;;;;;
Mammuthus meridionalis;La Puebla de Valverde, excavations 1974;40.216667;-0.916667;2.588;1.806;103-64;NA;MN 17;;;;;E. Aguirre and J. Morales. 1990. Villafranchian faunal record of Spain. QuartÃ¤rpalÃ¤ontologie 8:7-11;;;;;
Mammuthus meridionalis;Lari;43.566944;10.590833;2.588;0.0117;103-1;NA;;;;;;G. Bianucci and W. Landini. 2005. I paleositi a vertebrati fossili della Provinia di Pisa. Atti della SocietÃ  Toscana di Scienze Naturali - Memorie serie A 110:1-21;;;;;
Mammuthus meridionalis;Le Coupet, Mazeyrat d'Allier, Haute-Loire;45.133331;3.55;1.92;1.92;73;W;MN 17;;;;;"Bordes, F.; Thibault, C. (1977): Thoughts on the initial adaptation of Hominids to European glacial climates. In: Quaternary Research (8), S. 115–127.";;;;;
Mammuthus meridionalis;Leu;44.183334;24;2.588;0.781;103-19;NA;Early Pleistocene;;;;;C. Radulescu and P.-M. Samson. 2001. Biochronology and evolution of the Early Pliocene to the Early Pleistocene mammalian faunas of Romania. Bollettino della Societa Paleontologica Italiana 40(2):285-291;;;;;
Mammuthus meridionalis;Livakos/Libakos;40.289722;21.456667;1.7;1.7;64-61;NA;Early Pleistocene;Pleistocene;;;;"Kahlke, Ralf-Dietrich; García, Nuria; Kostopoulos, Dimitris S.; Lacombat, Frédéric; Lister, Adrian M.; Mazza, Paul P.A. et al. (2011): Western Palaearctic palaeoenvironmental conditions during the Early and early Middle Pleistocene inferred from large mammal communities, and implications for hominin dispersal in Europe. In: Quaternary Science Reviews 30 (11-12), S. 1368–1395. DOI: 10.1016/j.quascirev.2010.07.020.";;;;;
Mammuthus meridionalis;Lyapino;47.081669;37.674999;3.6;2.588;103-64;NA;Late Pliocene;;;;;E. I. Belyaeva. 1948. Catalogue of Tertiary Fossil Sites of the Land Mammals in the U.S.S.R.;;;;;
Mammuthus meridionalis;Maasvlakte, Fauna I;51.958057;4.053056;0.9;0.7;25-19;W;Interglacial younger than Menapian and older than Interglacial III;;;;;Y. Vervoort-Kerkhoff and T. van Kolfschoten. 1988. Pleistocene and Holocene mammalian faunas from the Maasvlakete near Rotterdam (The Netherlands). Meded. Werkgr. Tert. Kwart. Geol 25(1):87-98;;;;;
Mammuthus meridionalis;Madonna della Strada, L'Aquila, Abruzzo;42.349075;13.257526;1.28;1.07;39-31;NA;older than Jaramillo, younger than MIS 40;;;;;"Agostini, S.; Palombo, M. R.; Rossi, M. A.; Di Canzio, E.; Tallini, M. (2012): Mammuthus meridionalis (Nesti, 1825) from Campo di Pile (L'Aquila, Abruzzo, Central Italy). In: Quaternary International (276-277), S. 42–52.";;;;;
Mammuthus meridionalis;Manisa-Turgutlu-A?a??çobanisa;38.564471;27.573243;2.02;1.6;;NA;MNQ19-20;;;;;"Albayrak, E.; Lister, A. (2012): Dental remains of fossil elephants from Turkey. In: Quaternary International (276), S. 198–211.";;;;;
Mammuthus meridionalis;Marti;43.655556;10.740833;5.333;2.588;103-64;NA;Pliocene;;;;;G. Bianucci and W. Landini. 2005. I paleositi a vertebrati fossili della Provinia di Pisa. Atti della SocietÃ  Toscana di Scienze Naturali - Memorie serie A 110:1-21;;;;;
Mammuthus meridionalis;Maryupol, Pliocene;47.121666;37.627499;3.6;2.588;103-64;NA;Late Pliocene;;;;;E. I. Belyaeva. 1948. Catalogue of Tertiary Fossil Sites of the Land Mammals in the U.S.S.R.;;;;;
Mammuthus meridionalis;Megalopolis;37.400002;22.133333;0.45;0.0117;12-1;NA;;;;;;G. D. Koufos. 2001. The Villafranchian mammalian faunas and biochronology of Greece. Bollettino della Societa Paleontologica Italiana 40(2):217-223;;;;;
Mammuthus meridionalis;Milcovu din Vale;44.416668;24.366667;1.77;1.77;103-19;NA;Early Pleistocene;;;;;"Kahlke, Ralf-Dietrich; García, Nuria; Kostopoulos, Dimitris S.; Lacombat, Frédéric; Lister, Adrian M.; Mazza, Paul P.A. et al. (2011): Western Palaearctic palaeoenvironmental conditions during the Early and early Middle Pleistocene inferred from large mammal communities, and implications for hominin dispersal in Europe. In: Quaternary Science Reviews 30 (11-12), S. 1368–1395. DOI: 10.1016/j.quascirev.2010.07.020.";;;;;
Mammuthus meridionalis;Monte Tenda, Brecce di Soave, Verona, Northern Italy;45.416668;11.25;0.781;0.126;19-5e;NA;Middle Pleistocene;;;;;M. C. McKenna and S. K. Bell. 1997. Classification of Mammals Above the Species Level;;;;;
Mammuthus meridionalis;Montecastello;43.638058;10.688889;2.588;0.0117;103-1;NA;;;;;;G. Bianucci and W. Landini. 2005. I paleositi a vertebrati fossili della Provinia di Pisa. Atti della SocietÃ  Toscana di Scienze Naturali - Memorie serie A 110:1-21;;;;;
Mammuthus meridionalis;Montefoscoli;43.582779;10.754444;5.333;2.588;MG1-103;NA;Pliocene;;;;;G. Bianucci and W. Landini. 2005. I paleositi a vertebrati fossili della Provinia di Pisa. Atti della SocietÃ  Toscana di Scienze Naturali - Memorie serie A 110:1-21;;;;;
Mammuthus meridionalis;Mosbach 1, bei Wiesbaden;50.066666;8.266667;0.6;0.5;16-14;NA;Middle Middle Pleistocene;;;;;W. von Koenigswald and W.-D. Heinrich. 1999. Mittelpleistozane Saugetierfaunen aus Mitteleuropa - der Versuch einer biostratigraphischen Zuordnung. Kaupia 9:53-112;;;;;
Mammuthus meridionalis;Nakhichevan;39.220001;25.414167;3.6;2.588;103-64;NA;Late Pliocene;;;;;E. I. Belyaeva. 1948. Catalogue of Tertiary Fossil Sites of the Land Mammals in the U.S.S.R.;;;;;
Mammuthus meridionalis;Nea Komi;40.644444;21.599167;0.781;0.0117;19-1;NA;Middle Pleistocene;Late Pleistocene;;;;M. K. Mitzopoulos. 1967. Ãœber das Vorkommen von Archidiskodon meridionalis archaicus im Becken von Ptolemais (Griechisch-Mazedonien). Annales Geologiques des Pays Helleniques 18:463-470;;;;;
Mammuthus meridionalis;near Symboli;41.026669;24.03389;2.588;0.781;103-19;NA;Early Pleistocene;;;;;J. K. Melentis. 1966. Archidiskodon meridionalis proarchaicus n. ssp., die geologisch Ã¤ltesten Elefantenreste aus Griechenland. Annales Geologiques des Pays Helleniques 17:211-220;;;;;
Mammuthus meridionalis;Norwich Crag;52.213839;1.415774;2.01;1.98;76;K;Antian/Bramertonian temperate stage;;;;;"Kahlke, Ralf-Dietrich; García, Nuria; Kostopoulos, Dimitris S.; Lacombat, Frédéric; Lister, Adrian M.; Mazza, Paul P.A. et al. (2011): Western Palaearctic palaeoenvironmental conditions during the Early and early Middle Pleistocene inferred from large mammal communities, and implications for hominin dispersal in Europe. In: Quaternary Science Reviews 30 (11-12), S. 1368–1395. DOI: 10.1016/j.quascirev.2010.07.020.";;;;;
Mammuthus meridionalis;Peccioli;43.550835;10.7225;5.333;2.588;MG1-103;NA;;;;;;G. Bianucci and W. Landini. 2005. I paleositi a vertebrati fossili della Provinia di Pisa. Atti della SocietÃ  Toscana di Scienze Naturali - Memorie serie A 110:1-21;;;;;
Mammuthus meridionalis;Philippi;41.019169;24.286667;2.588;0.781;103-19;NA;Early Pleistocene;;;;;I. K. Koulidou. 2013. [Study of Plio-Pleistocene Proboscidea from Northern Greece]. Master thesis, Aristotle University of Thessaloniki;;;;;
Mammuthus meridionalis;Pietrafitta, Perugia;43;12.25;1.55;1.4;53-49;NA;Early Pleistocene;;;;;"Gentili, S.; Mottura, A.; Rook, L. (1998): The italian fossil primate record: recent finds and their geolocial context. In: Geobios (31), S. 675–686.";;;;;
Mammuthus meridionalis;Pirro Nord, D'Agostino Collection.;41.783333;15.45;2.588;0.781;103-19;NA;Early Pleistocene;;;;;C. De Guili, F. Masini, and D. Torre. 1990. The Latest Villfranchian faunas in Italy - the Pirro Nord local fauna (Apricena, Gargano). Quatarpalaontologie 8:29-34;;Calabrian;Calabrian, Middle Pleistocene;Calabrian, Middle Pleistocene;Lucas et al.
Mammuthus meridionalis;Pirro Nord, P. 77 1+2;41.783333;15.45;2.588;0.781;103-19;NA;Early Pleistocene;;;;;C. De Guili, F. Masini, and D. Torre. 1990. The Latest Villfranchian faunas in Italy - the Pirro Nord local fauna (Apricena, Gargano). Quatarpalaontologie 8:29-34;;;;;
Mammuthus meridionalis;Pirro Nord, P. 79 1+2;41.783333;15.45;2.588;0.781;103-19;NA;Early Pleistocene;;;;;C. De Guili, F. Masini, and D. Torre. 1990. The Latest Villfranchian faunas in Italy - the Pirro Nord local fauna (Apricena, Gargano). Quatarpalaontologie 8:29-34;;;;;
Mammuthus meridionalis;Pirro Nord, P. N. 22 bis;41.783333;15.45;2.588;0.781;103-19;NA;Early Pleistocene;;;;;C. De Guili, F. Masini, and D. Torre. 1990. The Latest Villfranchian faunas in Italy - the Pirro Nord local fauna (Apricena, Gargano). Quatarpalaontologie 8:29-34;;;;;
Mammuthus meridionalis;Pirro Nord, P. N. 3;41.783333;15.45;2.588;0.781;103-19;NA;Early Pleistocene;;;;;C. De Guili, F. Masini, and D. Torre. 1990. The Latest Villfranchian faunas in Italy - the Pirro Nord local fauna (Apricena, Gargano). Quatarpalaontologie 8:29-34;;;;;
Mammuthus meridionalis;Pirro Nord, P. N. 5;41.783333;15.45;2.588;0.781;103-19;NA;Early Pleistocene;;;;;C. De Guili, F. Masini, and D. Torre. 1990. The Latest Villfranchian faunas in Italy - the Pirro Nord local fauna (Apricena, Gargano). Quatarpalaontologie 8:29-34;;;;;
Mammuthus meridionalis;Pirro Nord, Pieri Collection.;41.783333;15.45;2.588;0.781;103-19;NA;Early Pleistocene;;;;;C. De Guili, F. Masini, and D. Torre. 1990. The Latest Villfranchian faunas in Italy - the Pirro Nord local fauna (Apricena, Gargano). Quatarpalaontologie 8:29-34;;;;;
Mammuthus meridionalis;Prundu, Ilfov district;44.099998;26.333332;2.588;0.781;103-19;NA;Early Pleistocene;;;;;C. Radulescu and P.-M. Samson. 2001. Biochronology and evolution of the Early Pliocene to the Early Pleistocene mammalian faunas of Romania. Bollettino della Societa Paleontologica Italiana 40(2):285-291;;;;;
Mammuthus meridionalis;Q-Profil;40.083332;21.416668;2.3;0.25;89-8;NA;;;;;;G. D. Koufos. 2001. The Villafranchian mammalian faunas and biochronology of Greece. Bollettino della Societa Paleontologica Italiana 40(2):217-223;;;;;
Mammuthus meridionalis;Rostov-na-donu;47.233334;39.715;3.6;2.588;103-64;NA;Late Pliocene;;;;;E. I. Belyaeva. 1948. Catalogue of Tertiary Fossil Sites of the Land Mammals in the U.S.S.R.;;;;;
Mammuthus meridionalis;Rotbav-Silvestru;45.833332;25.549999;2.588;0.781;103-19;NA;Early Pleistocene;;;;;"C. Radulescu and P. Samson. 1985. Pliocene and Pleistocene mammalian biostratigraphy in southeastern Transylvania (Romania). Travaux de l'Institut de Speologie ""Emile Racovitza"". 24:85-95";;;;;
Mammuthus meridionalis;S. Regolo;43.534721;10.491389;2.588;0.0117;103-1;NA;;;;;;G. Bianucci and W. Landini. 2005. I paleositi a vertebrati fossili della Provinia di Pisa. Atti della SocietÃ  Toscana di Scienze Naturali - Memorie serie A 110:1-21;;;;;
Mammuthus meridionalis;Saint-Vidal;45.066666;3.783333;2;1.6;77-58;NA;MN 17;;;;;E. Heintz, C. Guerin, and R. Martin, F. Prat. 1974. Principaux gisements villafranchiens de France: Listes fauniques et biostratigraphie. Memoires du Bureau de Recherches Geologiques et Minieres  78(1):169-182;;;;;
Mammuthus meridionalis;Sainzelles, Polignac, Haute-Loire;45.066666;3.866667;2.588;0.781;103-19;NA;Early Pleistocene;;;;;H. J. O'Regan. 2003. Reidentifications and synonomies of European mammals.;;;;;
Mammuthus meridionalis;San Giacomo, Anagni, southern Lazio;41.742222;13.158889;2.5;2.3;100-94;NA;MN 17;;;;;T. Kotsakis. 1986. Elementi di paleobiogeographia dei mammiferi Terziari dell Italia. Hystrix 1:25-68;;;;;
Mammuthus meridionalis;San Romano;43.662498;10.771667;0.781;0.126;19-5e;NA;Middle Pleistocene;;;;;G. Bianucci and W. Landini. 2005. I paleositi a vertebrati fossili della Provinia di Pisa. Atti della SocietÃ  Toscana di Scienze Naturali - Memorie serie A 110:1-21;;;;;
Mammuthus meridionalis;St. Vallier;45.166668;4.816667;2;1.6;77-58;NA;MN 17;;;;;E. Heintz, C. Guerin, and R. Martin, F. Prat. 1974. Principaux gisements villafranchiens de France: Listes fauniques et biostratigraphie. Memoires du Bureau de Recherches Geologiques et Minieres  78(1):169-182;;;;;
Mammuthus meridionalis;Strekov;47.900002;18.417;2.588;0;103-1;NA;Quaternary;;;;;M. C. McKenna and S. K. Bell. 1997. Classification of Mammals Above the Species Level;;;;;
Mammuthus meridionalis;Strmica;44.170555;16.261389;2.588;0.0117;103-1;NA;Pleistocene;;;;;M. C. McKenna and S. K. Bell. 1997. Classification of Mammals Above the Species Level;;;;;
Mammuthus meridionalis;Tash-Kala;43.310001;45.670277;2.588;1.806;103-64;NA;Gelasian;;;;;E. I. Belyaeva. 1948. Catalogue of Tertiary Fossil Sites of the Land Mammals in the U.S.S.R.;;;;;
Mammuthus meridionalis;Tsiotra Vryssi ;40.523056;23.435278;1.78;1.5;63-53;NA;Early Pleistocene;;;;;G. E. Konidaris, D. S. Kostopoulos, and M. Maron, M. Schaller, T. A. Ehlers, E. Aidona, M. Marini, V. Tourloukis, G. Muttoni, G. D. Koufos, K. Harvati. 2021. Dating of the Lower Pleistocene Vertebrate Site of Tsiotra Vryssi (Mygdonia Basin, Greece): Biochronology, Magnetostratigraphy, and Cosmogenic Radionuclides. Quaternary MDPI 4(1):1-18;;;;;
Mammuthus meridionalis;Ust' Talovka;51.485284;82.271518;1.7;1.6;60;K;Matuyama below Olduvai;;;;;Vislobokova, Inesa (2005): On Pliocene faunas with Proboscideans in the territory of the former Soviet Union. In: Quaternary International 126-128, S. 93–105. DOI: 10.1016/j.quaint.2004.04.017.;;;;;
Mammuthus meridionalis;Valdeganga 2;39.150002;-1.666667;2.8;2.588;G10-103;NA;MN16b;;;;;P. Mein, E. Moissenet, and G. Truc. 1978. Les Formations continentales du Neogene superieur des vallees du Jucar et du Cabriel au ne d'Albacete (Espagne). Biostratigraphie et environment. Documents des laboratoires de Geologie de Lyon 72:99-147;;;;;
Mammuthus meridionalis;Valea Mijlociei, Tetoiu 2 middle faunal horizon;44.75;23.916668;2.588;0.781;103-19;NA;Early Pleistocene;;;;;C. Radulesco and P. Samson. 1990. The Plio-Pleistocene mammalian succession of the Oltet Valley, Dacic Basin, Romania. Quatarpalaontologie 8:225-232;;;;;
Mammuthus meridionalis;Valea Ormoricea, Tetoiu 3 upper faunal horizon;44.75;23.916668;2.588;0.0117;103-1;NA;Pleistocene;;;;;C. Radulesco and P. Samson. 1990. The Plio-Pleistocene mammalian succession of the Oltet Valley, Dacic Basin, Romania. Quatarpalaontologie 8:225-232;;;;;
Mammuthus meridionalis;Valverde de Calatrava, Ciudad Real;38.983334;-3.933333;2.588;0.781;103-19;NA;Early Pleistocene;;;;;E. Aguirre and J. Morales. 1990. Villafranchian faunal record of Spain. QuartÃ¤rpalÃ¤ontologie 8:7-11;;;;;
Mammuthus meridionalis;Vinodel'noye;45.718056;42.90361;3.6;2.588;103-64;NA;Late Pliocene;;;;;E. I. Belyaeva. 1948. Catalogue of Tertiary Fossil Sites of the Land Mammals in the U.S.S.R.;;;;;
Mammuthus meridionalis;Vlachiotis;36.847778;22.718611;2.588;1.806;103-65;NA;Early Pleistocene;;;;;"Athanassiou, A.; Bouzas, D. (2010): New Hippopotamid finds in Eurotas Valley (Laconia, Greece). In: Proceedings of the XIX CBGA Congress, Thessaloniki, Greece (99), S. 57–62.";;;;;
Mammuthus meridionalis;Voigtstedt bei Sangerhausen, Lehmzone;51.400002;11.316667;0.4;0.2;12-8;NA;Late Middle Pleistocene;;;;;W. von Koenigswald and W.-D. Heinrich. 1999. Mittelpleistozane Saugetierfaunen aus Mitteleuropa - der Versuch einer biostratigraphischen Zuordnung. Kaupia 9:53-112;;;;;
Mammuthus meridionalis;Westleton Beds, Norfolk;52.763092;1.40361;1.81;1.806;65;W;End of Pre-Pastonian;;;;;"Kahlke, Ralf-Dietrich; García, Nuria; Kostopoulos, Dimitris S.; Lacombat, Frédéric; Lister, Adrian M.; Mazza, Paul P.A. et al. (2011): Western Palaearctic palaeoenvironmental conditions during the Early and early Middle Pleistocene inferred from large mammal communities, and implications for hominin dispersal in Europe. In: Quaternary Science Reviews 30 (11-12), S. 1368–1395. DOI: 10.1016/j.quascirev.2010.07.020.";;;;;
Mammuthus meridionalis;Weybourne Crag/ Wroxham Crag Formation;52.798361;1.31622;1.86;1.85;70;K;Pre-Pastonian;;;;;"Kahlke, Ralf-Dietrich; García, Nuria; Kostopoulos, Dimitris S.; Lacombat, Frédéric; Lister, Adrian M.; Mazza, Paul P.A. et al. (2011): Western Palaearctic palaeoenvironmental conditions during the Early and early Middle Pleistocene inferred from large mammal communities, and implications for hominin dispersal in Europe. In: Quaternary Science Reviews 30 (11-12), S. 1368–1395. DOI: 10.1016/j.quascirev.2010.07.020.";;;;;
Mammuthus meridionalis;Wissant, Pas de Calais;50.886112;1.6625;2.588;0.0117;103-1;NA;Pleistocene;;;;;M. F. Bonifay. 1973. Principaux gisements paleontologiques Francais du Pleistocene Moyen: Essai de classification. Le Quaternaire;;;;;
