SPECIES;NAME;LAT;LONG;MAX_AGE;MIN_AGE;MIS;PERIOD;COUNTRY;SP_SYNONYM;SP_SYNONYM_COMMENT;EARLY_INTERVALL;LATE_INTERVALL;REFERENCE
Palaeoloxodon recki;Konso - Interval 1;5.25;37.5;1.93;1.86;73-70;NA;Ethiopia;;;Gelasian;Calabrian;G. Suwa, H. Nakaya, and B. Asfaw, H. Saegusa, A. Amzaye, R. T. Kono, Y. Beyene, S. Katoh. 2003. Plio-Pleistocene terrestrial mammal assemblage from Konso, Southern Ethiopia. Journal of Vertebrate Paleontology 23(4):901-916
Palaeoloxodon recki;Namib 4;-23.5833;15.4167;0.35;0.35;10;K;;;;Calabrian;;"Shackley, M. (1980): An Acheulean industry with Elephas recki fauna from Namiv IV, South West Africa (Namibia). In: Nature (284), S. 340–341.   Shackley, M.; Komura, K.; Hayashi, T.; Ikeya, M.; Matsuura, M.; Ueta, N. (1985): Chronometric dating of bone from Namib IV Acheulean site, South West Africa/Namibia. In: Bulletin of the National Science Museum Toyo (11), S. 7–12."
Palaeoloxodon recki;AssalW;11.6009;42.370602;0.8;0.5;20-13;K?;;;;Middle Pleistocene;;D. Geraads and L. de Bonis. 2020. First record of Theropithecus (Cercopithecidae) from the Republic of Djibouti. Journal of Human Evolution 138(102686)
Palaeoloxodon recki;Danakil - general;14.0833;39.849998;1.03;0.99;29-28;NA;;;;Jaramillo around 1mya;;E. Abbate, A. Albianelli A. Azzaroli, M. Benvenuti, B. Tesfamariam, P. Bruni, N. Cipriani, et al. 1998. A one-million-year-old Homo cranium from the Danakil (Afar) Depression of Eritrea. Nature 393:458-460
Palaeoloxodon recki;Ahl al Ouglam;33.67745;-7.50463;2.5;2.5;100-102;K?;Marocco;;;;;"Geraards, D.; Raynal, J-P; Sbihi-Alaoui, F.-Z. (2010): Mammalian faunas from the Pliocene and Pleistocene of Casablanca (Morocco). In: Historical Biology (22), S. 275–285."
Palaeoloxodon recki;Olorgesailie Member I, Site 15;-1.5706;36.4375;0.992;0.974;28-27;K;;;;Pleistocene;;"Isaac, G. L. (1977): Olorgesailie: Archeological Studies of a Middle Pleistocene Lake Basin in Kenya. Chicago, IL, USA: Chicago Press.     Potts, R. (1989): Olorgesailie: New excavations and findings in Early and Middle Pleistocene contexts, southern Kenya Rift valley. In: Jounal of Human Evolution (18), S. 477–484.    Potts, R.; Behrensmeyer, A. K.; Ditchfield, P. (2006): Paleolandscape variation and Early Pleistocene hominid activities: Members 1 and 7, Olorgesailie Formation, Kenya. In: Jounal of Human Evolution (25), S. 448–465. "
Palaeoloxodon recki;Lainyamok;-1.80588;36.211829;0.7;0.6;17;W;;;;;;"Potts, R.; Shipman, P.; Ingall, E. (1988): Taphonomy, paleoecology, and hominids of Lainyamok, Kenya. In: Journal of Human Evolution (17), S. 597–614."
Palaeoloxodon recki;Chemeron fm.;0.6667;35.833302;5.333;2.588;TG6-103;NA;;;;Zanclean;Pliocene;A. J. Winkler. 1988. The Neogene rodent succession of the Baringo Basin, Kenya. Journal of Vertebrate Paleontology 8(3,Suppl.):29A.
Palaeoloxodon recki;Katanda 2 - Semliki Beds;0.1;29.5833;5.333;0.781;TG6-19;NA;;;;Pliocene;Pleistocene;A. S. Brooks, D. Helgren, and J. Cramer, A. Franklin, W. Hornyak, J. Keating, , R. G. Klein, W. J. Rink, H. Schwarcz, J. N. Smith. 1995. Dating and context of three Middle Stone Age sites with bone points in the Upper Semliki Valley, Zaire. Science 268(5210):548-553
Palaeoloxodon recki;SHKII-Mddle BdII;-2.9916;35.327801;1.806;0.781;65-19;NA;;;;Calabrian;;A. W. Gentry. 1978. Bovidae.  In V. J. Maglio and H. B. S. Cooke (eds.), Evolution of African Mammals. Harvard University Press, Cambridge, Massachusetts
Palaeoloxodon recki;BK - Bed III/IV;-2.992;35.419399;1.806;0.781;65-19;NA;;;;Calabrian;;A. W. Gentry. 1978. Fossil Bovidae of the Baringo Area,Kenya. In:Geol.background to fossil man
Palaeoloxodon recki;Konso - Interval 4;5.25;37.5;1.45;1.43;63-23;NA;;;;Gelasian;Calabrian;B. Asfaw, Y. Beyene, and G. Suwa, R. Walter, T. White, G. WoldeGabriel, T. Yemane. 1992. The earliest Acheulean from Konso-Gardula. Nature 360:732-735
Palaeoloxodon recki;Kaiso Village fm. - General;1.5;31;3.6;0.0117;Gi1-1;NA;;;;Late Pliocene;Late Pleistocene;B. Senut, M. Pickford, and I. Ssemmanda, D. Elepu, P. Obwona. 1987. Decouverte du premier Homininae dans le Pleistocene de Nyabusosi. Comptes Rendus Acad. des Sci.,serie II 305(9):819-822
Palaeoloxodon recki;Barogali, Djibouti;11.056682;41.981301;1.6;1.3;55-45;NA;;;;;;Berthelet, A. (2002): Barogali and Oued Doure: two early Stage Age Sites from the Republic of Djibouti. In: L'Anthropologie (106), S. 1–39.
Palaeoloxodon recki;Omo - L.10;5.0803;36.014198;2.588;1.806;G14-65;NA;;;;Gelasian;;C. S. Feibel, F.H. Brown, and I. McDougall. 1989. Stratigraphic Context of Fossil hominids from the Omo Group Deposits: Northern Turkana Basin, Kenya and Ethiopia. American Journal of Physical Anthropology 78:595-622
Palaeoloxodon recki;Omo - L.2;5.0689;36.028599;3.6;2.588;Gi1-103;NA;;;;Piacenzian;;C. S. Feibel, F.H. Brown, and I. McDougall. 1989. Stratigraphic Context of Fossil hominids from the Omo Group Deposits: Northern Turkana Basin, Kenya and Ethiopia. American Journal of Physical Anthropology 78:595-622
Palaeoloxodon recki;Omo - O.20;5.05;36.036098;3.6;2.588;Gi1-103;NA;;;;Piacenzian;;C. S. Feibel, F.H. Brown, and I. McDougall. 1989. Stratigraphic Context of Fossil hominids from the Omo Group Deposits: Northern Turkana Basin, Kenya and Ethiopia. American Journal of Physical Anthropology 78:595-622
Palaeoloxodon recki;Omo - O.222;5.1219;36.034199;2.588;1.806;103-65;NA;;;;Gelasian;;C. S. Feibel, F.H. Brown, and I. McDougall. 1989. Stratigraphic Context of Fossil hominids from the Omo Group Deposits: Northern Turkana Basin, Kenya and Ethiopia. American Journal of Physical Anthropology 78:595-622
Palaeoloxodon recki;Omo - O.33;5.0661;36.029999;2.588;1.806;103-65;NA;;;;Gelasian;;C. S. Feibel, F.H. Brown, and I. McDougall. 1989. Stratigraphic Context of Fossil hominids from the Omo Group Deposits: Northern Turkana Basin, Kenya and Ethiopia. American Journal of Physical Anthropology 78:595-622
Palaeoloxodon recki;Omo - O.44;5.0333;36.023899;2.588;1.806;103-65;NA;;;;Gelasian;;C. S. Feibel, F.H. Brown, and I. McDougall. 1989. Stratigraphic Context of Fossil hominids from the Omo Group Deposits: Northern Turkana Basin, Kenya and Ethiopia. American Journal of Physical Anthropology 78:595-622
Palaeoloxodon recki;South Turkwel;3.0833;35.833302;4;3.5;MG7-Gi20;NA;Kenya;;;Pliocene;;C. V. Ward, M. G. Leakey, and B. Brown, F. Brown,  J. Harris, A. Walker. 1999. South Turkwel: a new Pliocene hominid site in Kenya. Journal of Human Evolution 36:69-95
Palaeoloxodon recki;Haïdalo;11.024201;41.983524;1.5;0.5;50-15;NA;;;;;;"Chavaillo, J.; Berthelet, A. (2001): The Elephas recki site of Haïdalo (republic of Djibouti). Rome, S. 191–193.      Chavaillo, J.; Berthelet, A.; Boisaubert, J.-L.; Faure, M.; Guérin, C.; Warsama, S. A. (1990): Un Elephas recki découvert en connexion anatomique à Haïdalo près de As Eyla (République de Djibouti). In: Comptes Rendus de l'Académie des Sciences - Series II (310), S. 441–446."
Palaeoloxodon recki;Hadar - AL.162;11.1417;40.597198;3.6;2.588;Gi1-103;NA;;;;Piacenzian;;D. C. Johanson, M. Splingaer, and N. T. Boaz. 1976. Paleontological excavations in the Shungura Formation, Lower Omo Basin, 1969-1973.  In Y. Coppens, F. C. Howell, G. L. Isaac, R. L. Leakey (eds.), Earliest Man and Environments in the East Rudolf Basin. Chicago: University of Chicago Press.
Palaeoloxodon recki;Hadar - AL.241;11.1153;40.5625;3.6;2.588;Gi1-103;NA;;;;Piacenzian;;D. C. Johanson, M. Splingaer, and N. T. Boaz. 1976. Paleontological excavations in the Shungura Formation, Lower Omo Basin, 1969-1973.  In Y. Coppens, F. C. Howell, G. L. Isaac, R. L. Leakey (eds.), Earliest Man and Environments in the East Rudolf Basin. Chicago: University of Chicago Press.
Palaeoloxodon recki;Hadar - AL.288;11.1403;40.602798;3.6;2.588;Gi1-103;NA;;;;Piacenzian;;D. C. Johanson, M. Splingaer, and N. T. Boaz. 1976. Paleontological excavations in the Shungura Formation, Lower Omo Basin, 1969-1973.  In Y. Coppens, F. C. Howell, G. L. Isaac, R. L. Leakey (eds.), Earliest Man and Environments in the East Rudolf Basin. Chicago: University of Chicago Press.
Palaeoloxodon recki;Hadar - DD General;11.1333;40.583302;3.6;2.588;Gi1-103;NA;;;;Piacenzian;;D. C. Johanson, M. Splingaer, and N. T. Boaz. 1976. Paleontological excavations in the Shungura Formation, Lower Omo Basin, 1969-1973.  In Y. Coppens, F. C. Howell, G. L. Isaac, R. L. Leakey (eds.), Earliest Man and Environments in the East Rudolf Basin. Chicago: University of Chicago Press.
Palaeoloxodon recki;Hadar - KH General;11.1333;40.586102;3.6;2.588;Gi1-103;NA;;;;Piacenzian;;D. C. Johanson, M. Splingaer, and N. T. Boaz. 1976. Paleontological excavations in the Shungura Formation, Lower Omo Basin, 1969-1973.  In Y. Coppens, F. C. Howell, G. L. Isaac, R. L. Leakey (eds.), Earliest Man and Environments in the East Rudolf Basin. Chicago: University of Chicago Press.
Palaeoloxodon recki;Olduvai Bed III;-2.986670251;35.34683704;1.19;1.09;35-32;NA;Tanzania;Elephas reckirecki;subspecies;;;"Deimo, A. L.; Heil.C. Jr.; King, J.; McHendry, L. J.; Stanistreeet, I. G.; Stollhofen, H. et al. (2021): Chronostratigraphy and age modeling of Pleistocene drill cores from the Olduvai Basin, Tanzania (Olduvai Gorge Coring Project). In: Palaeogeography, Palaeoclimatology, Palaeloecology (571), S. 109990."
Palaeoloxodon recki;Olduvai Bed IV;-2.986670251;35.34683704;1.01;0.85;28-21;NA;Tanzania;Elephas reckirecki;subspecies;;;"Deimo, A. L.; Heil.C. Jr.; King, J.; McHendry, L. J.; Stanistreeet, I. G.; Stollhofen, H. et al. (2021): Chronostratigraphy and age modeling of Pleistocene drill cores from the Olduvai Basin, Tanzania (Olduvai Gorge Coring Project). In: Palaeogeography, Palaeoclimatology, Palaeloecology (571), S. 109990."
Palaeoloxodon recki;Middle Awash - Wilti Dora;10.5667;40.583302;3.9;3.4;Gi15-MG7;NA;;;;Pliocene;Pliocene;E. S. Vrba. 1997. New fossils of Alcelaphini and Caprinae (Bovidae: Mammalia) from Awash, Ethiopia, and phylogenetic analysis of Alcelaphini. Palaeontologia Africana 34:127-198
Palaeoloxodon recki;Omo - member D;5.094;36.021999;2.588;1.806;103-65;NA;;;;Gelasian;;F. C. Howell and Y. Coppens. 1973. Inventory of remains of Hominidae from Pliocene and Pleistocene formations of the lower Omo Basin, Ethiopia (1967-1972). American Journal of Physical Anthropology 40:1-16
Palaeoloxodon recki;Omo - member D;5.094;36.021999;2.588;1.806;103-65;NA;;;;Gelasian;;F. C. Howell and Y. Coppens. 1973. Inventory of remains of Hominidae from Pliocene and Pleistocene formations of the lower Omo Basin, Ethiopia (1967-1972). American Journal of Physical Anthropology 40:1-16
Palaeoloxodon recki;Omo - member D1;5.094;36.021999;2.588;1.806;103-65;NA;;;;Gelasian;;F. C. Howell and Y. Coppens. 1973. Inventory of remains of Hominidae from Pliocene and Pleistocene formations of the lower Omo Basin, Ethiopia (1967-1972). American Journal of Physical Anthropology 40:1-16
Palaeoloxodon recki;Omo - member F1;5.058;36.025002;2.588;1.806;103-65;NA;;;;Gelasian;;F. C. Howell and Y. Coppens. 1973. Inventory of remains of Hominidae from Pliocene and Pleistocene formations of the lower Omo Basin, Ethiopia (1967-1972). American Journal of Physical Anthropology 40:1-16
Palaeoloxodon recki;Omo - member G11;5.088;36.063;2.588;1.806;103-65;NA;;;;Gelasian;;F. C. Howell and Y. Coppens. 1973. Inventory of remains of Hominidae from Pliocene and Pleistocene formations of the lower Omo Basin, Ethiopia (1967-1972). American Journal of Physical Anthropology 40:1-16
Palaeoloxodon recki;Chiwondo Beds - Unit 3A;-10.167;34;2.5;2.3;99-94;NA;;;;Pliocene;Pleistocene;F. Schrenk, T. G. Bromage, and C. G. Betzler, U. Ring, Y. M. Juwayeyi. 1993. Oldest Homo and Pliocene biogeography of the Malawi Rift. Nature 365:833-836
Palaeoloxodon recki;Gafalo Djibouti;11.022558;41.973237;1.6;1.3;55-45;NA;;;;;;"Faure, M.; Guérin, C. (1997): Gafalo, nouveau site à Palaeoloxodon recki et Hippopotamus amphibius du Pléistocène ancien du Gobaad (République de Djibouti). In: Comptes Rendus de l'Académie des Sciences - Series IIA - Earth and Planetary Science (324), S. 1017–1021."
Palaeoloxodon recki;Shungura Tuff J;4.913804;35.968296;1.77;1.71;63-61;NA;Ethiopia;Elephas reckiileretensis;subspecies;;;"Feibel, C. S.; Brown, F. H.; McDougall, I. (1989): Stratigraphic context of fossil Hominids from the Omo Group deposits: Northern Turkana Basin, Kenya and Ethiopia. In: American Journal of Physical Anthropology (78), S. 595–622."
Palaeoloxodon recki;Shungura Tuff K;4.913804;35.968296;1.56;1.5;53-50;NA;Ethiopia;Elephas reckiileretensis;subspecies;;;"Feibel, C. S.; Brown, F. H.; McDougall, I. (1989): Stratigraphic context of fossil Hominids from the Omo Group deposits: Northern Turkana Basin, Kenya and Ethiopia. In: American Journal of Physical Anthropology (78), S. 595–622."
Palaeoloxodon recki;Buia;14.667;39.5;1.8;0.774;64-19;NA;Eritrea;\N;\N;;;"Ferretti, M.; Ficcarelli, G.; Libsekal, Y.; Tecle, T. M.; Rook, L. (2003): Fossil elephants from Buia (Northern Afar Depression, Eritrea) with remarks on the systematics of Elephas recki (Proboscidea, Elephantidae). In: Journal of Vertrebrate Paleontology (23:1), S. 244–257."
Palaeoloxodon recki;Omo - L.12;5.0942;36.0233;2.588;1.806;103-65;NA;;;;Gelasian;;G. Eck. 1977. Diversity and frequency distributions of Omo Group Cercopithecidae. Journal of Human Evolution 6:55-63
Palaeoloxodon recki;Omo - L.193;5.0794;36.023899;2.588;1.806;103-65;NA;;;;Gelasian;;G. Eck. 1977. Diversity and frequency distributions of Omo Group Cercopithecidae. Journal of Human Evolution 6:55-63
Palaeoloxodon recki;Omo - L.23;5.08;36.0172;2.588;1.806;103-65;NA;;;;Gelasian;;G. Eck. 1977. Diversity and frequency distributions of Omo Group Cercopithecidae. Journal of Human Evolution 6:55-63
Palaeoloxodon recki;Omo - L.49;5.0647;36.026402;2.588;1.806;103-65;NA;;;;Gelasian;;G. Eck. 1977. Diversity and frequency distributions of Omo Group Cercopithecidae. Journal of Human Evolution 6:55-63
Palaeoloxodon recki;Omo - member D2;5.094;36.021999;2.588;1.806;103-65;NA;;;;Gelasian;;G. Eck. 1977. Diversity and frequency distributions of Omo Group Cercopithecidae. Journal of Human Evolution 6:55-63
Palaeoloxodon recki;Omo - member D5;5.094;36.021999;2.588;1.806;103-65;NA;;;;Gelasian;;G. Eck. 1977. Diversity and frequency distributions of Omo Group Cercopithecidae. Journal of Human Evolution 6:55-63
Palaeoloxodon recki;Omo - Member E3;5.1192;36.023102;2.588;1.806;103-65;NA;;;;Gelasian;;G. Eck. 1977. Diversity and frequency distributions of Omo Group Cercopithecidae. Journal of Human Evolution 6:55-63
Palaeoloxodon recki;Omo - member E4;5.119;36.022999;2.588;1.806;103-65;NA;;;;Gelasian;;G. Eck. 1977. Diversity and frequency distributions of Omo Group Cercopithecidae. Journal of Human Evolution 6:55-63
Palaeoloxodon recki;Omo - member F3;5.058;36.022999;2.588;1.806;103-65;NA;;;;Gelasian;;G. Eck. 1977. Diversity and frequency distributions of Omo Group Cercopithecidae. Journal of Human Evolution 6:55-63
Palaeoloxodon recki;Omo - member F3;5.058;36.022999;2.588;1.806;103-65;NA;;;;Gelasian;;G. Eck. 1977. Diversity and frequency distributions of Omo Group Cercopithecidae. Journal of Human Evolution 6:55-63
Palaeoloxodon recki;Omo - member G13;5.088;36.063;2.588;1.806;103-65;NA;;;;Gelasian;;G. Eck. 1977. Diversity and frequency distributions of Omo Group Cercopithecidae. Journal of Human Evolution 6:55-63
Palaeoloxodon recki;Omo - member G4;5.088;36.063;2.588;1.806;103-65;NA;;;;Gelasian;;G. Eck. 1977. Diversity and frequency distributions of Omo Group Cercopithecidae. Journal of Human Evolution 6:55-63
Palaeoloxodon recki;Omo - O.223;5.0458;36.014198;2.588;1.806;103-65;NA;;;;Gelasian;;G. Eck. 1977. Diversity and frequency distributions of Omo Group Cercopithecidae. Journal of Human Evolution 6:55-63
Palaeoloxodon recki;Omo - O.5;5.0594;36.0383;2.588;1.806;103-65;NA;;;;Gelasian;;G. Eck. 1977. Diversity and frequency distributions of Omo Group Cercopithecidae. Journal of Human Evolution 6:55-63
Palaeoloxodon recki;Omo - O.68;5.0353;36.013599;2.588;1.806;103-65;NA;;;;Gelasian;;G. Eck. 1977. Diversity and frequency distributions of Omo Group Cercopithecidae. Journal of Human Evolution 6:55-63
Palaeoloxodon recki;Nyabusosi fm. - general;1;30.5;5.333;0.0117;TG6-1;NA;;;;Pliocene;Pleistocene;G. Petter. 1994. Carnivora from Nkondo and Kisegi-Nyabusosi,Western Rift, Uganda. In:Geol. and palaeobiology of the Albertine rift valley, B.Senut(ed.) II:207-215
Palaeoloxodon recki;Konso - 4W;5.25;37.5;2.588;0.781;103-19;NA;;;;Gelasian;Calabrian;G. Suwa, B. Aswfaw, and Y. Beyene, T. White, S. Katoh, S. Nagaoka, H. Nakaya, K. Uzawa, P. Renne, G. WoldeGabriel. 1997. The first skull of Australopithecus boisei. Nature 389(6650):489-492
Palaeoloxodon recki;Konso - KGA10;5.25;37.5;1.806;0.781;65-19;NA;;;;Calabrian;;G. Suwa, B. Aswfaw, and Y. Beyene, T. White, S. Katoh, S. Nagaoka, H. Nakaya, K. Uzawa, P. Renne, G. WoldeGabriel. 1997. The first skull of Australopithecus boisei. Nature 389(6650):489-492
Palaeoloxodon recki;Konso - Interval 2;5.25;37.5;1.8;1.7;64;K;Ethiopia;;;Gelasian;Calabrian;G. Suwa, H. Nakaya, and B. Asfaw, H. Saegusa, A. Amzaye, R. T. Kono, Y. Beyene, S. Katoh. 2003. Plio-Pleistocene terrestrial mammal assemblage from Konso, Southern Ethiopia. Journal of Vertebrate Paleontology 23(4):901-916
Palaeoloxodon recki;Konso - Interval 3;5.25;37.5;1.6;1.5;55;W;Ethiopia;;;Gelasian;Calabrian;G. Suwa, H. Nakaya, and B. Asfaw, H. Saegusa, A. Amzaye, R. T. Kono, Y. Beyene, S. Katoh. 2003. Plio-Pleistocene terrestrial mammal assemblage from Konso, Southern Ethiopia. Journal of Vertebrate Paleontology 23(4):901-916
Palaeoloxodon recki;Konso - Interval 5;5.25;37.5;1.43;1.41;47-46;NA;Ethiopia;;;Gelasian;Calabrian;G. Suwa, H. Nakaya, and B. Asfaw, H. Saegusa, A. Amzaye, R. T. Kono, Y. Beyene, S. Katoh. 2003. Plio-Pleistocene terrestrial mammal assemblage from Konso, Southern Ethiopia. Journal of Vertebrate Paleontology 23(4):901-916
Palaeoloxodon recki;Konso - Interval 6;5.25;37.5;1.43;0.781;47-19;NA;Ethiopia;;;Gelasian;Calabrian;G. Suwa, H. Nakaya, and B. Asfaw, H. Saegusa, A. Amzaye, R. T. Kono, Y. Beyene, S. Katoh. 2003. Plio-Pleistocene terrestrial mammal assemblage from Konso, Southern Ethiopia. Journal of Vertebrate Paleontology 23(4):901-916
Palaeoloxodon recki;Omo - L.465;5.0986;36.037498;2.588;1.806;103-65;NA;;;;Gelasian;;G. Suwa, T. D. White, and F. Clark Howell. 1996. Mandibular postcanine dentition from the Shungura Formation, Ethiopia: Crown morphology, taxonomic allocations and Plio-Pleistocene Hominid Evolution. American Journal of Physical Anthropology 101:247-282
Palaeoloxodon recki;Omo - L.74;5.0725;36.018101;2.588;1.806;103-65;NA;;;;Gelasian;;G. Suwa, T. D. White, and F. Clark Howell. 1996. Mandibular postcanine dentition from the Shungura Formation, Ethiopia: Crown morphology, taxonomic allocations and Plio-Pleistocene Hominid Evolution. American Journal of Physical Anthropology 101:247-282
Palaeoloxodon recki;Omo - O.75;5.0342;36.009998;2.588;1.806;103-65;NA;;;;Gelasian;;G. Suwa, T. D. White, and F. Clark Howell. 1996. Mandibular postcanine dentition from the Shungura Formation, Ethiopia: Crown morphology, taxonomic allocations and Plio-Pleistocene Hominid Evolution. American Journal of Physical Anthropology 101:247-282
Palaeoloxodon recki;Omo - Member E2;5.1192;36.023102;2.588;1.806;103-65;NA;;;;Gelasian;;H. B. S. Cooke. 1994. Personal communication regarding the Omo Suidae.
Palaeoloxodon recki;Omo - member G7;5.088;36.063;2.588;1.806;103-65;NA;;;;Gelasian;;H. B. S. Cooke. 1994. Personal communication regarding the Omo Suidae.
Palaeoloxodon recki;Omo - member G8;5.088;36.063;2.588;1.806;103-65;NA;;;;Gelasian;;H. B. S. Cooke. 1994. Personal communication regarding the Omo Suidae.
Palaeoloxodon recki;Mursi - Yellow Sands;5.4417;35.958302;5.333;3.6;TG6-Gi5;NA;;;;Zanclean;;H. B. Wesselman. 1984. The Omo Micromammals: Systematics and Paleoecology of Early Man Sites from Ethiopia. Contributions to Vertebrate Evolution 17
Palaeoloxodon recki;Omo - L.101;5.0708;36.020599;2.588;1.806;103-65;NA;;;;Gelasian;;H. B. Wesselman. 1984. The Omo Micromammals: Systematics and Paleoecology of Early Man Sites from Ethiopia. Contributions to Vertebrate Evolution 17
Palaeoloxodon recki;Omo - L.11;5.0967;36.0228;2.588;1.806;103-65;NA;;;;Gelasian;;H. B. Wesselman. 1984. The Omo Micromammals: Systematics and Paleoecology of Early Man Sites from Ethiopia. Contributions to Vertebrate Evolution 17
Palaeoloxodon recki;Omo - L.159;5.0889;36.019402;2.588;1.806;103-65;NA;;;;Gelasian;;H. B. Wesselman. 1984. The Omo Micromammals: Systematics and Paleoecology of Early Man Sites from Ethiopia. Contributions to Vertebrate Evolution 17
Palaeoloxodon recki;Omo - L.16;5.1133;36.034698;2.588;1.806;103-65;NA;;;;Gelasian;;H. B. Wesselman. 1984. The Omo Micromammals: Systematics and Paleoecology of Early Man Sites from Ethiopia. Contributions to Vertebrate Evolution 17
Palaeoloxodon recki;Omo - L.169;5.0867;36.0233;2.588;1.806;103-65;NA;;;;Gelasian;;H. B. Wesselman. 1984. The Omo Micromammals: Systematics and Paleoecology of Early Man Sites from Ethiopia. Contributions to Vertebrate Evolution 17
Palaeoloxodon recki;Omo - L.19;5.0908;36.023102;2.588;1.806;103-65;NA;;;;Gelasian;;H. B. Wesselman. 1984. The Omo Micromammals: Systematics and Paleoecology of Early Man Sites from Ethiopia. Contributions to Vertebrate Evolution 17
Palaeoloxodon recki;Omo - L.22;5.065;36.035801;2.588;1.806;103-65;NA;;;;Gelasian;;H. B. Wesselman. 1984. The Omo Micromammals: Systematics and Paleoecology of Early Man Sites from Ethiopia. Contributions to Vertebrate Evolution 17
Palaeoloxodon recki;Omo - L.3;5.0781;36.011902;2.588;1.806;103-65;NA;;;;Gelasian;;H. B. Wesselman. 1984. The Omo Micromammals: Systematics and Paleoecology of Early Man Sites from Ethiopia. Contributions to Vertebrate Evolution 17
Palaeoloxodon recki;Omo - L.3;5.0781;36.011902;2.588;1.806;103-65;NA;;;;Gelasian;;H. B. Wesselman. 1984. The Omo Micromammals: Systematics and Paleoecology of Early Man Sites from Ethiopia. Contributions to Vertebrate Evolution 17
Palaeoloxodon recki;Omo - L.335;5.1014;36.026901;2.588;1.806;103-65;NA;;;;Gelasian;;H. B. Wesselman. 1984. The Omo Micromammals: Systematics and Paleoecology of Early Man Sites from Ethiopia. Contributions to Vertebrate Evolution 17
Palaeoloxodon recki;Omo - L.4;5.0775;36.013302;2.588;1.806;103-65;NA;;;;Gelasian;;H. B. Wesselman. 1984. The Omo Micromammals: Systematics and Paleoecology of Early Man Sites from Ethiopia. Contributions to Vertebrate Evolution 17
Palaeoloxodon recki;Omo - L.43;5.1119;36.0289;2.588;1.806;103-65;NA;;;;Gelasian;;H. B. Wesselman. 1984. The Omo Micromammals: Systematics and Paleoecology of Early Man Sites from Ethiopia. Contributions to Vertebrate Evolution 17
Palaeoloxodon recki;Omo - L.467;5.0967;36.037498;2.588;1.806;103-65;NA;;;;Gelasian;;H. B. Wesselman. 1984. The Omo Micromammals: Systematics and Paleoecology of Early Man Sites from Ethiopia. Contributions to Vertebrate Evolution 17
Palaeoloxodon recki;Omo - L.512;5.0942;36.0308;2.588;1.806;103-65;NA;;;;Gelasian;;H. B. Wesselman. 1984. The Omo Micromammals: Systematics and Paleoecology of Early Man Sites from Ethiopia. Contributions to Vertebrate Evolution 17
Palaeoloxodon recki;Omo - L.597;5.1256;36.025002;5.333;2.588;G14-65;NA;;;;Pliocene;;H. B. Wesselman. 1984. The Omo Micromammals: Systematics and Paleoecology of Early Man Sites from Ethiopia. Contributions to Vertebrate Evolution 17
Palaeoloxodon recki;Omo - L.76;5.1081;36.020802;2.588;1.806;103-65;NA;;;;Gelasian;;H. B. Wesselman. 1984. The Omo Micromammals: Systematics and Paleoecology of Early Man Sites from Ethiopia. Contributions to Vertebrate Evolution 17
Palaeoloxodon recki;Omo - L.79;5.0617;36.023899;2.588;1.806;103-65;NA;;;;Gelasian;;H. B. Wesselman. 1984. The Omo Micromammals: Systematics and Paleoecology of Early Man Sites from Ethiopia. Contributions to Vertebrate Evolution 17
Palaeoloxodon recki;Omo - O.148;5.0289;36.0172;2.588;1.806;103-65;NA;;;;Gelasian;;H. B. Wesselman. 1984. The Omo Micromammals: Systematics and Paleoecology of Early Man Sites from Ethiopia. Contributions to Vertebrate Evolution 17
Palaeoloxodon recki;Omo - O.210;5.0492;36.015598;2.588;1.806;103-65;NA;;;;Gelasian;;H. B. Wesselman. 1984. The Omo Micromammals: Systematics and Paleoecology of Early Man Sites from Ethiopia. Contributions to Vertebrate Evolution 17
Palaeoloxodon recki;Omo - O.27;5.0475;36.007198;2.588;1.806;103-65;NA;;;;Gelasian;;H. B. Wesselman. 1984. The Omo Micromammals: Systematics and Paleoecology of Early Man Sites from Ethiopia. Contributions to Vertebrate Evolution 17
Palaeoloxodon recki;Omo - O.53;5.0114;36.0158;2.588;1.806;103-65;NA;;;;Gelasian;;H. B. Wesselman. 1984. The Omo Micromammals: Systematics and Paleoecology of Early Man Sites from Ethiopia. Contributions to Vertebrate Evolution 17
Palaeoloxodon recki;Omo - O.70;5.0547;36.018902;2.588;1.806;103-65;NA;;;;Gelasian;;H. B. Wesselman. 1984. The Omo Micromammals: Systematics and Paleoecology of Early Man Sites from Ethiopia. Contributions to Vertebrate Evolution 17
Palaeoloxodon recki;Omo - O.82;5.0417;36.034199;3.6;2.588;Gi1-65;NA;;;;Piacenzian;;H. B. Wesselman. 1984. The Omo Micromammals: Systematics and Paleoecology of Early Man Sites from Ethiopia. Contributions to Vertebrate Evolution 17
Palaeoloxodon recki;Omo - SH.1-2;5.0306;36.0331;2.588;1.806;103-65;NA;;;;Gelasian;;H. B. Wesselman. 1984. The Omo Micromammals: Systematics and Paleoecology of Early Man Sites from Ethiopia. Contributions to Vertebrate Evolution 17
Palaeoloxodon recki;East Turkana - Area 105- KBS- FxJj3;4.066667;36.366669;2.588;0.781;103-19;NA;;;;Early Pleistocene;;H. T. Bunn. 1997. The bone assemblages from the excavated sites. Koobi Fora Research Project: Plio-Pleistoene Archaeology 5:402-458
Palaeoloxodon recki;East Turkana - Area 131 Okote FxJj20M;4.15;36.416668;2.588;0.781;103-19;NA;;;;Early Pleistocene;;H. T. Bunn. 1997. The bone assemblages from the excavated sites. Koobi Fora Research Project: Plio-Pleistoene Archaeology 5:402-458
Palaeoloxodon recki;E-Gobaad;11.0578;42.2775;2.588;0.0117;103-1;NA;;;;Pleistocene;;H. Thomas and Y. Coppens. 1984. Discovery of Fossil Vertebrates in the Lower Pleistocene of the Republic of Djibouti. Correspondant de Academie, Feb1984
Palaeoloxodon recki;S-W Assal;11.0578;42.2775;5.333;0.0117;TG6-1;NA;;;;Pliocene;Pleistocene;H. Thomas and Y. Coppens. 1984. Discovery of Fossil Vertebrates in the Lower Pleistocene of the Republic of Djibouti. Correspondant de Academie, Feb1984
Palaeoloxodon recki;Bouri-Hata;10.25;40.566666;2.5;2.45;99-97;NA;;;;Pliocene;;J. de Heinzelin, J. Clark, and T. White, W. Hart, P. Renne, G. WoldeGabriel, Y. Beyene, E. Vrba. 1999. Environment and Behavior of 2.5-Million-Year-Old Bouri Hominids. Science 284:625-629
Palaeoloxodon recki;Omo - L.1 ;5.06;36.032799;3.6;2.588;Gi1-65;NA;;;;Piacenzian;;J. de Heinzelin. 1983. The Omo Group: Archives of the International Omo Research Expedition. Musee Royal de l'Afrique Centrale, Annales Series 8, Tervuren, Belgique 85
Palaeoloxodon recki;Omo - L.122;5.0714;36.032501;2.588;1.806;103-65;NA;;;;Gelasian;;J. de Heinzelin. 1983. The Omo Group: Archives of the International Omo Research Expedition. Musee Royal de l'Afrique Centrale, Annales Series 8, Tervuren, Belgique 85
Palaeoloxodon recki;Omo - L.123;5.0703;36.0317;2.588;1.806;103-65;NA;;;;Gelasian;;J. de Heinzelin. 1983. The Omo Group: Archives of the International Omo Research Expedition. Musee Royal de l'Afrique Centrale, Annales Series 8, Tervuren, Belgique 85
Palaeoloxodon recki;Omo - L.146;5.0944;36.021702;2.588;1.806;103-65;NA;;;;Gelasian;;J. de Heinzelin. 1983. The Omo Group: Archives of the International Omo Research Expedition. Musee Royal de l'Afrique Centrale, Annales Series 8, Tervuren, Belgique 85
Palaeoloxodon recki;Omo - L.168;5.0872;36.0242;2.588;1.806;103-65;NA;;;;Gelasian;;J. de Heinzelin. 1983. The Omo Group: Archives of the International Omo Research Expedition. Musee Royal de l'Afrique Centrale, Annales Series 8, Tervuren, Belgique 85
Palaeoloxodon recki;Omo - L.17;5.0669;36.025002;2.588;1.806;103-65;NA;;;;Gelasian;;J. de Heinzelin. 1983. The Omo Group: Archives of the International Omo Research Expedition. Musee Royal de l'Afrique Centrale, Annales Series 8, Tervuren, Belgique 85
Palaeoloxodon recki;Omo - L.21;5.0678;36.0331;2.588;1.806;103-65;NA;;;;Gelasian;;J. de Heinzelin. 1983. The Omo Group: Archives of the International Omo Research Expedition. Musee Royal de l'Afrique Centrale, Annales Series 8, Tervuren, Belgique 85
Palaeoloxodon recki;Omo - L.25;5.1364;36.035;2.588;1.806;103-65;NA;;;;Gelasian;;J. de Heinzelin. 1983. The Omo Group: Archives of the International Omo Research Expedition. Musee Royal de l'Afrique Centrale, Annales Series 8, Tervuren, Belgique 85
Palaeoloxodon recki;Omo - L.26;5.1419;36.0331;2.588;1.806;103-65;NA;;;;Gelasian;;J. de Heinzelin. 1983. The Omo Group: Archives of the International Omo Research Expedition. Musee Royal de l'Afrique Centrale, Annales Series 8, Tervuren, Belgique 85
Palaeoloxodon recki;Omo - L.27;5.1469;36.026901;2.588;1.806;103-65;NA;;;;Gelasian;;J. de Heinzelin. 1983. The Omo Group: Archives of the International Omo Research Expedition. Musee Royal de l'Afrique Centrale, Annales Series 8, Tervuren, Belgique 85
Palaeoloxodon recki;Omo - L.28;5.0797;36.029999;2.588;1.806;103-65;NA;;;;Gelasian;;J. de Heinzelin. 1983. The Omo Group: Archives of the International Omo Research Expedition. Musee Royal de l'Afrique Centrale, Annales Series 8, Tervuren, Belgique 85
Palaeoloxodon recki;Omo - L.36;5.0839;36.0228;2.588;1.806;103-65;NA;;;;Gelasian;;J. de Heinzelin. 1983. The Omo Group: Archives of the International Omo Research Expedition. Musee Royal de l'Afrique Centrale, Annales Series 8, Tervuren, Belgique 85
Palaeoloxodon recki;Omo - L.40;5.0725;36.020599;2.588;1.806;103-65;NA;;;;Gelasian;;J. de Heinzelin. 1983. The Omo Group: Archives of the International Omo Research Expedition. Musee Royal de l'Afrique Centrale, Annales Series 8, Tervuren, Belgique 85
Palaeoloxodon recki;Omo - L.42;5.1408;36.027199;2.588;1.806;103-65;NA;;;;Gelasian;;J. de Heinzelin. 1983. The Omo Group: Archives of the International Omo Research Expedition. Musee Royal de l'Afrique Centrale, Annales Series 8, Tervuren, Belgique 85
Palaeoloxodon recki;Omo - L.464;5.0972;36.037201;2.588;1.806;103-65;NA;;;;Gelasian;;J. de Heinzelin. 1983. The Omo Group: Archives of the International Omo Research Expedition. Musee Royal de l'Afrique Centrale, Annales Series 8, Tervuren, Belgique 85
Palaeoloxodon recki;Omo - L.5/6;5.0897;36.021702;2.588;1.806;103-65;NA;;;;Gelasian;;J. de Heinzelin. 1983. The Omo Group: Archives of the International Omo Research Expedition. Musee Royal de l'Afrique Centrale, Annales Series 8, Tervuren, Belgique 85
Palaeoloxodon recki;Omo - L.611;5.1008;36.034199;2.588;1.806;103-65;NA;;;;Gelasian;;J. de Heinzelin. 1983. The Omo Group: Archives of the International Omo Research Expedition. Musee Royal de l'Afrique Centrale, Annales Series 8, Tervuren, Belgique 85
Palaeoloxodon recki;Omo - L.7;5.0875;36.0294;2.588;1.806;103-65;NA;;;;Gelasian;;J. de Heinzelin. 1983. The Omo Group: Archives of the International Omo Research Expedition. Musee Royal de l'Afrique Centrale, Annales Series 8, Tervuren, Belgique 85
Palaeoloxodon recki;Omo - L.73;5.1178;36.031399;2.588;1.806;103-65;NA;;;;Gelasian;;J. de Heinzelin. 1983. The Omo Group: Archives of the International Omo Research Expedition. Musee Royal de l'Afrique Centrale, Annales Series 8, Tervuren, Belgique 85
Palaeoloxodon recki;Omo - O.103;5.0078;36.009998;2.588;1.806;103-65;NA;;;;Gelasian;;J. de Heinzelin. 1983. The Omo Group: Archives of the International Omo Research Expedition. Musee Royal de l'Afrique Centrale, Annales Series 8, Tervuren, Belgique 85
Palaeoloxodon recki;Omo - O.18;5.0519;36.028301;2.588;1.806;103-65;NA;;;;Gelasian;;J. de Heinzelin. 1983. The Omo Group: Archives of the International Omo Research Expedition. Musee Royal de l'Afrique Centrale, Annales Series 8, Tervuren, Belgique 85
Palaeoloxodon recki;Omo - O.1c+e;5.0661;36.024399;2.588;1.806;103-65;NA;;;;Gelasian;;J. de Heinzelin. 1983. The Omo Group: Archives of the International Omo Research Expedition. Musee Royal de l'Afrique Centrale, Annales Series 8, Tervuren, Belgique 85
Palaeoloxodon recki;Omo - O.2;5.055;36.0056;2.588;1.806;103-65;NA;;;;Gelasian;;J. de Heinzelin. 1983. The Omo Group: Archives of the International Omo Research Expedition. Musee Royal de l'Afrique Centrale, Annales Series 8, Tervuren, Belgique 85
Palaeoloxodon recki;Omo - O.233;5.0528;36.016701;2.588;1.806;103-65;NA;;;;Gelasian;;J. de Heinzelin. 1983. The Omo Group: Archives of the International Omo Research Expedition. Musee Royal de l'Afrique Centrale, Annales Series 8, Tervuren, Belgique 85
Palaeoloxodon recki;Omo - O.3;5.0442;36.029202;2.588;1.806;103-65;NA;;;;Gelasian;;J. de Heinzelin. 1983. The Omo Group: Archives of the International Omo Research Expedition. Musee Royal de l'Afrique Centrale, Annales Series 8, Tervuren, Belgique 85
Palaeoloxodon recki;Omo - O.3;5.0442;36.029202;2.588;1.806;103-65;NA;;;;Gelasian;;J. de Heinzelin. 1983. The Omo Group: Archives of the International Omo Research Expedition. Musee Royal de l'Afrique Centrale, Annales Series 8, Tervuren, Belgique 85
Palaeoloxodon recki;Omo - O.41;5.0514;36.032501;3.6;2.588;Gi1-103;NA;;;;Piacenzian;;J. de Heinzelin. 1983. The Omo Group: Archives of the International Omo Research Expedition. Musee Royal de l'Afrique Centrale, Annales Series 8, Tervuren, Belgique 85
Palaeoloxodon recki;Omo - O.47;5.0239;36.0392;2.588;1.806;103-65;NA;;;;Gelasian;;J. de Heinzelin. 1983. The Omo Group: Archives of the International Omo Research Expedition. Musee Royal de l'Afrique Centrale, Annales Series 8, Tervuren, Belgique 85
Palaeoloxodon recki;Omo - O.56;5.0022;36.016899;2.588;1.806;103-65;NA;;;;Gelasian;;J. de Heinzelin. 1983. The Omo Group: Archives of the International Omo Research Expedition. Musee Royal de l'Afrique Centrale, Annales Series 8, Tervuren, Belgique 85
Palaeoloxodon recki;Omo - O.58;5.0081;36.012798;2.588;1.806;103-65;NA;;;;Gelasian;;J. de Heinzelin. 1983. The Omo Group: Archives of the International Omo Research Expedition. Musee Royal de l'Afrique Centrale, Annales Series 8, Tervuren, Belgique 85
Palaeoloxodon recki;Omo - O.75s;5.0083;36.0061;2.588;1.806;103-65;NA;;;;Gelasian;;J. de Heinzelin. 1983. The Omo Group: Archives of the International Omo Research Expedition. Musee Royal de l'Afrique Centrale, Annales Series 8, Tervuren, Belgique 85
Palaeoloxodon recki;Middle Awash (Wee-ee/Aramis);10.479;40.599998;3.9;3.6;Gi15-Gi5;NA;Ethiopia;;;Pliocene;;J. E. Kalb and A. Mebrate. 1993. Fossil elephantoids from the hominid-bearing Awash Group, Middle Awash Valley, Afar Depression, Ethiopia. Transactions of the American Philosophical Society 83(1)
Palaeoloxodon recki;Middle Awash - Andalee mbr.;10.9;40.483299;1;0;28-1;NA;Ethiopia;;;Pleistocene;Holocene;J. E. Kalb, C. J. Jolly, and A. Mebrate, S. Tebedge, C. Smart, EB Oswald, D. Cramer, P. Whitehead, CB Wood, GC Conroy, T. Adefris, L. Sperling, B. Kana. 1982. Fossil Mammals and Artifacts from the Middle Awash Valley, Ethiopia. Nature 298:25-29
Palaeoloxodon recki;Middle Awash - Dakanihyalo mbr;10.3167;40.549999;2;1.5;76-55;NA;Ethiopia;;;Pleistocene;Holocene;J. E. Kalb, C. J. Jolly, and A. Mebrate, S. Tebedge, C. Smart, EB Oswald, D. Cramer, P. Whitehead, CB Wood, GC Conroy, T. Adefris, L. Sperling, B. Kana. 1982. Fossil Mammals and Artifacts from the Middle Awash Valley, Ethiopia. Nature 298:25-29
Palaeoloxodon recki;Middle Awash - Hadar fm.;11.0305;40.4531;4;2.5;Gi20-104;NA;Ethiopia;;;Pliocene;Pliocene;J. E. Kalb, C. J. Jolly, and A. Mebrate, S. Tebedge, C. Smart, EB Oswald, D. Cramer, P. Whitehead, CB Wood, GC Conroy, T. Adefris, L. Sperling, B. Kana. 1982. Fossil Mammals and Artifacts from the Middle Awash Valley, Ethiopia. Nature 298:25-29
Palaeoloxodon recki;Middle Awash - Meadura mbr.;10.7167;40.5;1.5;1;50-32;NA;Ethiopia;;;Pleistocene;Holocene;J. E. Kalb, C. J. Jolly, and A. Mebrate, S. Tebedge, C. Smart, EB Oswald, D. Cramer, P. Whitehead, CB Wood, GC Conroy, T. Adefris, L. Sperling, B. Kana. 1982. Fossil Mammals and Artifacts from the Middle Awash Valley, Ethiopia. Nature 298:25-29
Palaeoloxodon recki;Middle Awash - Bodo mbr.;10.625;40.541698;0.9;0.7;22-20;NA;Ethiopia;;;Pleistocene;Holocene;"J. E. Kalb, C. J. Jolly, and A. Mebrate, S. Tebedge, C. Smart, EB Oswald, D. Cramer, P. Whitehead, CB Wood, GC Conroy, T. Adefris, L. Sperling, B. Kana. 1982. Fossil Mammals and Artifacts from the Middle Awash Valley, Ethiopia. Nature 298:25-29       Kalb, J. E.; Mebrate, A.; Tischler, D. (Hg.) (1993): Fossil Elephantoids: From the hominid-bearing Awash Group, Middle Awash Valley, Afar Depression, Ethiopia.: Transactions of the American Philosophical Society."
Palaeoloxodon recki;Middle Awash - Equus Beds;10.5667;40.583302;0.9;0.7;22-20;NA;Ethiopia;;;Pleistocene;Holocene;"J. E. Kalb, C. J. Jolly, and A. Mebrate, S. Tebedge, C. Smart, EB Oswald, D. Cramer, P. Whitehead, CB Wood, GC Conroy, T. Adefris, L. Sperling, B. Kana. 1982. Fossil Mammals and Artifacts from the Middle Awash Valley, Ethiopia. Nature 298:25-29       Kalb, J. E.; Mebrate, A.; Tischler, D. (Hg.) (1993): Fossil Elephantoids: From the hominid-bearing Awash Group, Middle Awash Valley, Afar Depression, Ethiopia.: Transactions of the American Philosophical Society."
Palaeoloxodon recki;Katanda general - Lusso Beds;0.008;29.583;5.333;0.0117;TG6-1;NA;;;;Pliocene;Pleistocene;J. E. Yellen, A. S. Brooks, and E. Cornelissen, M. Mehlman, K. Stewart. 1995. A middle stone age worked bone industry from Katanda,Upper Semliki Valley,Zaire. Science-Washington DC 268(5210):553-556
Palaeoloxodon recki;FLKII Main-Bd II;-2.9861;35.344398;1.806;0.781;65-19;NA;;;;Calabrian;;J. Kappelman. 1984. Plio-Pleistocene environments of Bed I and Lower Bed II, Olduvai Gorge,Tanzania. Palaeogeography, Palaeoclimatology, Palaeoecology 48(2-4):171-196
Palaeoloxodon recki;FLKI Main-Bd I;-2.9861;35.344398;1.806;0.781;65-19;NA;;;;Calabrian;;J. M. Harris and T.D. White. 1979. Evolution of the Plio-Pleistocene African Suidae. Transactions of the American Philosophical Society 69:1-128
Palaeoloxodon recki;East Turkana - Omo - L.32;5.0825;36.025299;2.588;1.806;103-65;NA;;;;Gelasian;;J. M. Harris. 1991. Koobi Fora Research Project, Vol III, The Fossil Ungulates: Geology, Fossil Artiodactyls and Paleoenvironments. Oxford University Press, New York
Palaeoloxodon recki;Middle Awash - Matabaietu fm.;10.55;40.583302;2.5;2;99-79;NA;;;;Pleistocene;Pleistocene;"Kalb, J. E.; Mebrate, A.; Tischler, D. (Hg.) (1993): Fossil Elephantoids: From the hominid-bearing Awash Group, Middle Awash Valley, Afar Depression, Ethiopia.: Transactions of the American Philosophical Society."
Palaeoloxodon recki;Middle Awash (Bodo/UBSU);10.625;40.541698;0.781;0.0117;19-1;NA;;;;Middle Pleistocene;Late Pleistocene;"Kalb, J. E.; Mebrate, A.; Tischler, D. (Hg.) (1993): Fossil Elephantoids: From the hominid-bearing Awash Group, Middle Awash Valley, Afar Depression, Ethiopia.: Transactions of the American Philosophical Society."
Palaeoloxodon recki;Omo - member G;5.088;36.029999;2.588;1.806;103-65;NA;;;;Gelasian;;L. Bobe and M. Mabela. 1997. Incidence of four gastrointestinal parasite worms in group of cricetomas,Lukaya-Democratic Republic of Congo. Tropicultura 15(3):132-135
Palaeoloxodon recki;Omo - member H;5.046;36.004002;5.333;0.781;TG6-19;NA;;;;Pliocene;Calabrian;L. Bobe and M. Mabela. 1997. Incidence of four gastrointestinal parasite worms in group of cricetomas,Lukaya-Democratic Republic of Congo. Tropicultura 15(3):132-135
Palaeoloxodon recki;Anabo Koma;11.0578;42.2775;1.9;1.3;72-45;NA;;;;Pleistocene;;L. de Bonis, D. Geraads, and J. Jaeger, S. Sen. 1988. Vertebres du Pleistocene de Djibouti. Bulletin Society Geol. France IV(2):323-334
Palaeoloxodon recki;Har Ide I;11.0578;42.2775;0.9;0.3;22-11;NA;;;;Pleistocene;;L. de Bonis, D. Geraads, and J. Jaeger, S. Sen. 1988. Vertebres du Pleistocene de Djibouti. Bulletin Society Geol. France IV(2):323-334
Palaeoloxodon recki;Olduvai FLK North Upper Bed I Level 6;-2.9903;35.362499;1.78;1.72;63-61;NA;;;;;;Leakey, M. D. (1971): Olduvai Gorge, Volume 3: Excavations in Beds I and II. Cambridge, UK: Cambridge University Press.
Palaeoloxodon recki;East Turkana - Area 1 - Okote;4.308;36.275002;1.806;0.781;65-19;NA;;;;Calabrian;;M. Beden. 1983. Family Elephantidae. Koobi Fora Research Project: The Fossil Ungulates: Proboscidea, Perissodactyla, and Suidae 2:40-129
Palaeoloxodon recki;East Turkana - Area 10 - KBS;4.3;36.325001;3.6;0.781;Gi1-19;NA;;;;Late Pliocene;Calabrian;M. Beden. 1983. Family Elephantidae. Koobi Fora Research Project: The Fossil Ungulates: Proboscidea, Perissodactyla, and Suidae 2:40-129
Palaeoloxodon recki;East Turkana - Area 100 - Upper Burgi;3.95;36.283001;2.588;1.806;103-65;NA;;;;Gelasian;;M. Beden. 1983. Family Elephantidae. Koobi Fora Research Project: The Fossil Ungulates: Proboscidea, Perissodactyla, and Suidae 2:40-129
Palaeoloxodon recki;East Turkana - Area 100 - Upper Burgi;3.95;36.283001;2.588;1.806;103-65;NA;;;;Gelasian;;M. Beden. 1983. Family Elephantidae. Koobi Fora Research Project: The Fossil Ungulates: Proboscidea, Perissodactyla, and Suidae 2:40-129
Palaeoloxodon recki;East Turkana - Area 102 - KBS;3.9414;36.250301;3.6;0.781;Gi1-19;NA;;;;Late Pliocene;Calabrian;M. Beden. 1983. Family Elephantidae. Koobi Fora Research Project: The Fossil Ungulates: Proboscidea, Perissodactyla, and Suidae 2:40-129
Palaeoloxodon recki;East Turkana - Area 102 - Upper Burgi;3.942;36.25;2.588;1.806;103-65;NA;;;;Gelasian;;M. Beden. 1983. Family Elephantidae. Koobi Fora Research Project: The Fossil Ungulates: Proboscidea, Perissodactyla, and Suidae 2:40-129
Palaeoloxodon recki;East Turkana - Area 103 - Okote;3.9;36.242001;1.806;0.781;65-19;NA;;;;Calabrian;;M. Beden. 1983. Family Elephantidae. Koobi Fora Research Project: The Fossil Ungulates: Proboscidea, Perissodactyla, and Suidae 2:40-129
Palaeoloxodon recki;East Turkana - Area 104 - KBS;3.975;36.317001;3.6;0.781;Gi1-19;NA;;;;Late Pliocene;Calabrian;M. Beden. 1983. Family Elephantidae. Koobi Fora Research Project: The Fossil Ungulates: Proboscidea, Perissodactyla, and Suidae 2:40-129
Palaeoloxodon recki;East Turkana - Area 104 - KBS;3.975;36.317001;3.6;0.781;Gi1-19;NA;;;;Late Pliocene;Calabrian;M. Beden. 1983. Family Elephantidae. Koobi Fora Research Project: The Fossil Ungulates: Proboscidea, Perissodactyla, and Suidae 2:40-129
Palaeoloxodon recki;East Turkana - Area 104 - KBS;3.975;36.317001;3.6;0.781;Gi1-19;NA;;;;Late Pliocene;Calabrian;M. Beden. 1983. Family Elephantidae. Koobi Fora Research Project: The Fossil Ungulates: Proboscidea, Perissodactyla, and Suidae 2:40-129
Palaeoloxodon recki;East Turkana - Area 105 - Upper Burgi;4.067;36.372002;2.588;1.806;103-65;NA;;;;Gelasian;;M. Beden. 1983. Family Elephantidae. Koobi Fora Research Project: The Fossil Ungulates: Proboscidea, Perissodactyla, and Suidae 2:40-129
Palaeoloxodon recki;East Turkana - Area 11 - KBS;4.292;36.292;5.333;0.0117;TG6-1;NA;;;;Pliocene;Pleistocene;M. Beden. 1983. Family Elephantidae. Koobi Fora Research Project: The Fossil Ungulates: Proboscidea, Perissodactyla, and Suidae 2:40-129
Palaeoloxodon recki;East Turkana - Area 116 - Lokochot/Tulu Bor;4.058;36.333;3.6;2.588;Gi1-103;NA;;;;Piacenzian;;M. Beden. 1983. Family Elephantidae. Koobi Fora Research Project: The Fossil Ungulates: Proboscidea, Perissodactyla, and Suidae 2:40-129
Palaeoloxodon recki;East Turkana - Area 117 - Lokochot/Tulu Bor;4.092;36.307999;3.6;2.588;Gi1-103;NA;;;;Piacenzian;;M. Beden. 1983. Family Elephantidae. Koobi Fora Research Project: The Fossil Ungulates: Proboscidea, Perissodactyla, and Suidae 2:40-129
Palaeoloxodon recki;East Turkana - Area 117 - Tulu Bor/Lower Burgi;4.092;36.307999;2.588;1.806;103-65;NA;;;;Gelasian;;M. Beden. 1983. Family Elephantidae. Koobi Fora Research Project: The Fossil Ungulates: Proboscidea, Perissodactyla, and Suidae 2:40-129
Palaeoloxodon recki;East Turkana - Area 118 - Upper Burgi;4.1;36.391998;2.588;1.806;103-65;NA;;;;Gelasian;;M. Beden. 1983. Family Elephantidae. Koobi Fora Research Project: The Fossil Ungulates: Proboscidea, Perissodactyla, and Suidae 2:40-129
Palaeoloxodon recki;East Turkana - Area 12 - KBS;4.275;36.307999;5.333;0.0117;TG6-1;NA;;;;Pliocene;Pleistocene;M. Beden. 1983. Family Elephantidae. Koobi Fora Research Project: The Fossil Ungulates: Proboscidea, Perissodactyla, and Suidae 2:40-129
Palaeoloxodon recki;East Turkana - Area 129 - Upper Burgi;4.226;36.432999;2.588;1.806;103-65;NA;;;;Gelasian;;M. Beden. 1983. Family Elephantidae. Koobi Fora Research Project: The Fossil Ungulates: Proboscidea, Perissodactyla, and Suidae 2:40-129
Palaeoloxodon recki;East Turkana - Area 130 - Upper Burgi;4.183;36.417;2.588;1.806;103-65;NA;;;;Gelasian;;M. Beden. 1983. Family Elephantidae. Koobi Fora Research Project: The Fossil Ungulates: Proboscidea, Perissodactyla, and Suidae 2:40-129
Palaeoloxodon recki;East Turkana - Area 131 - Upper Burgi;4.15;36.400002;2.588;1.806;103-65;NA;;;;Gelasian;;M. Beden. 1983. Family Elephantidae. Koobi Fora Research Project: The Fossil Ungulates: Proboscidea, Perissodactyla, and Suidae 2:40-129
Palaeoloxodon recki;East Turkana - Area 14 - Upper Burgi;4.283;36.375;2.588;1.806;103-65;NA;;;;Gelasian;;M. Beden. 1983. Family Elephantidae. Koobi Fora Research Project: The Fossil Ungulates: Proboscidea, Perissodactyla, and Suidae 2:40-129
Palaeoloxodon recki;East Turkana - Area 15 - Upper Burgi;4.242;36.370998;2.588;1.806;103-65;NA;;;;Gelasian;;M. Beden. 1983. Family Elephantidae. Koobi Fora Research Project: The Fossil Ungulates: Proboscidea, Perissodactyla, and Suidae 2:40-129
Palaeoloxodon recki;East Turkana - Area 1A - KBS;4.317;36.271;3.6;0.781;Gi1-19;NA;;;;Late Pliocene;Calabrian;M. Beden. 1983. Family Elephantidae. Koobi Fora Research Project: The Fossil Ungulates: Proboscidea, Perissodactyla, and Suidae 2:40-129
Palaeoloxodon recki;East Turkana - Area 204 - Tulu Bor;3.75;36.358002;3.6;2.588;Gi1-103;NA;;;;Piacenzian;;M. Beden. 1983. Family Elephantidae. Koobi Fora Research Project: The Fossil Ungulates: Proboscidea, Perissodactyla, and Suidae 2:40-129
Palaeoloxodon recki;East Turkana - Area 3 - Okote;4.309;36.266998;5.333;0.0117;TG6-1;NA;;;;Pliocene;Pleistocene;M. Beden. 1983. Family Elephantidae. Koobi Fora Research Project: The Fossil Ungulates: Proboscidea, Perissodactyla, and Suidae 2:40-129
Palaeoloxodon recki;East Turkana - Area 6 - KBS;4.275;36.242001;5.333;0.0117;TG6-1;NA;;;;Pliocene;Pleistocene;M. Beden. 1983. Family Elephantidae. Koobi Fora Research Project: The Fossil Ungulates: Proboscidea, Perissodactyla, and Suidae 2:40-129
Palaeoloxodon recki;East Turkana - Area 6A - KBS;4.287;36.233002;3.6;0.781;Gi1-19;NA;;;;Late Pliocene;Calabrian;M. Beden. 1983. Family Elephantidae. Koobi Fora Research Project: The Fossil Ungulates: Proboscidea, Perissodactyla, and Suidae 2:40-129
Palaeoloxodon recki;East Turkana - Area 8 - KBS;4.267;36.292;5.333;0.0117;TG6-1;NA;;;;Pliocene;Pleistocene;M. Beden. 1983. Family Elephantidae. Koobi Fora Research Project: The Fossil Ungulates: Proboscidea, Perissodactyla, and Suidae 2:40-129
Palaeoloxodon recki;East Turkana - Area 8A - KBS;4.2583;36.283298;5.333;0.0117;TG6-1;NA;;;;Pliocene;Pleistocene;M. Beden. 1983. Family Elephantidae. Koobi Fora Research Project: The Fossil Ungulates: Proboscidea, Perissodactyla, and Suidae 2:40-129
Palaeoloxodon recki;Omo - member B10;5.046;36.035;3.6;2.588;Gi1-103;NA;;;;Piacenzian;;M. Beden. 1987. Les Faunes Plio-Pleistocenes de la Vallee de l'Omo (Ethiopie), Tome 2: Les Elephantides. Cahiers de Paleontologie, Editions du CNRS, Paris
Palaeoloxodon recki;MNKII Skull St-MddleBdII;-2.9916;35.337502;1.806;0.781;65-19;NA;;;;Calabrian;;M. G. Leakey and R.E.F. Leakey. 1973. Further evidence of Simopithecus(Mammalia,Primates) from Olduvai and Olorgesailie. In:Foss.Vert.Afr. 3:102-120
Palaeoloxodon recki;Omo - L.127;5.0639;36.036098;2.588;1.806;103-65;NA;;;;Gelasian;;M. G. Leakey. 1982. Extinct large Colobines from the Plio-Pleistocene of Africa. American Journal of Physical Anthropology 58:153-172
Palaeoloxodon recki;Omo - L.157;5.0881;36.020599;2.588;1.806;103-65;NA;;;;Gelasian;;M. G. Leakey. 1982. Extinct large Colobines from the Plio-Pleistocene of Africa. American Journal of Physical Anthropology 58:153-172
Palaeoloxodon recki;Omo - L.338x;5.1244;36.022202;2.588;1.806;103-65;NA;;;;Gelasian;;M. G. Leakey. 1982. Extinct large Colobines from the Plio-Pleistocene of Africa. American Journal of Physical Anthropology 58:153-172
Palaeoloxodon recki;Omo - L.628;5.1517;36.0392;2.588;1.806;103-65;NA;;;;Gelasian;;M. G. Leakey. 1982. Extinct large Colobines from the Plio-Pleistocene of Africa. American Journal of Physical Anthropology 58:153-172
Palaeoloxodon recki;Omo - L.9;5.0939;36.022499;2.588;1.806;103-65;NA;;;;Gelasian;;M. G. Leakey. 1982. Extinct large Colobines from the Plio-Pleistocene of Africa. American Journal of Physical Anthropology 58:153-172
Palaeoloxodon recki;Omo - Lower Member G (1-13);5.0875;36.029701;2.588;1.806;103-65;NA;;;;Gelasian;;M. G. Leakey. 1982. Extinct large Colobines from the Plio-Pleistocene of Africa. American Journal of Physical Anthropology 58:153-172
Palaeoloxodon recki;Omo - member E1;5.119;36.041;2.588;1.806;103-65;NA;;;;Gelasian;;M. G. Leakey. 1982. Extinct large Colobines from the Plio-Pleistocene of Africa. American Journal of Physical Anthropology 58:153-172
Palaeoloxodon recki;Omo - member G1;5.088;36.063;2.588;1.806;103-65;NA;;;;Gelasian;;M. G. Leakey. 1982. Extinct large Colobines from the Plio-Pleistocene of Africa. American Journal of Physical Anthropology 58:153-172
Palaeoloxodon recki;Omo - member G5;5.088;36.063;2.588;1.806;103-65;NA;;;;Gelasian;;M. G. Leakey. 1982. Extinct large Colobines from the Plio-Pleistocene of Africa. American Journal of Physical Anthropology 58:153-172
Palaeoloxodon recki;Omo - O.151;5.0506;36.023602;2.588;1.806;103-65;NA;;;;Gelasian;;M. G. Leakey. 1982. Extinct large Colobines from the Plio-Pleistocene of Africa. American Journal of Physical Anthropology 58:153-172
Palaeoloxodon recki;Omo - O.162;5.0425;36.027802;2.588;1.806;103-65;NA;;;;Gelasian;;M. G. Leakey. 1982. Extinct large Colobines from the Plio-Pleistocene of Africa. American Journal of Physical Anthropology 58:153-172
Palaeoloxodon recki;Omo - O.28;5.06;36.032799;3.6;2.588;Gi1-103;NA;;;;Piacenzian;;M. G. Leakey. 1982. Extinct large Colobines from the Plio-Pleistocene of Africa. American Journal of Physical Anthropology 58:153-172
Palaeoloxodon recki;Omo - O.29;5.0467;36.0131;2.588;1.806;103-65;NA;;;;Gelasian;;M. G. Leakey. 1982. Extinct large Colobines from the Plio-Pleistocene of Africa. American Journal of Physical Anthropology 58:153-172
Palaeoloxodon recki;Omo - O.40;5.0431;36.020302;2.588;1.806;103-65;NA;;;;Gelasian;;M. G. Leakey. 1982. Extinct large Colobines from the Plio-Pleistocene of Africa. American Journal of Physical Anthropology 58:153-172
Palaeoloxodon recki;Omo - O.6;5.0667;36.0233;2.588;1.806;103-65;NA;;;;Gelasian;;M. G. Leakey. 1982. Extinct large Colobines from the Plio-Pleistocene of Africa. American Journal of Physical Anthropology 58:153-172
Palaeoloxodon recki;Omo - O.71;5.0508;36.019199;2.588;1.806;103-65;NA;;;;Gelasian;;M. G. Leakey. 1982. Extinct large Colobines from the Plio-Pleistocene of Africa. American Journal of Physical Anthropology 58:153-172
Palaeoloxodon recki;Omo - O.76;5.0361;36.014702;2.588;1.806;103-65;NA;;;;Gelasian;;M. G. Leakey. 1982. Extinct large Colobines from the Plio-Pleistocene of Africa. American Journal of Physical Anthropology 58:153-172
Palaeoloxodon recki;Omo - O.78;5.0403;36.003101;2.588;1.806;103-65;NA;;;;Gelasian;;M. G. Leakey. 1982. Extinct large Colobines from the Plio-Pleistocene of Africa. American Journal of Physical Anthropology 58:153-172
Palaeoloxodon recki;Olduvai Bed II;-2.995627338;35.35245895;1.74;1.7;61;W;Tanzania;Elephas reckirecki;subspecies;;;Monahan, C. M. (1996): New zooarchaeological data from Bed II, Olduvai Gorge, Tanzania: implications for hominid behavior in the early Pleistocene. In: Journal of Human Evolution (31), S. 93–128.
Palaeoloxodon recki;DKI-general;-2.9806;35.3736;2.588;1.806;103-65;NA;;;;Gelasian;;N. E. Todd. 1996. Dissertation, personal communication. .
Palaeoloxodon recki;Malema - RC11;-10;33.916698;2.5;2.3;99-94;NA;;;;Pliocene;;O. Kullmar, O. Sandrock, and R. Abel, F. Schrenk, T. Bromage, Y. Juwayeyi. 1999. The first Paranthropus from the Malawi Rift. Journal of Human Evolution 37:121-127
Palaeoloxodon recki;DKI-Level 1;-2.9806;35.3736;2.588;1.806;103-65;NA;;;;Gelasian;;P. H. Greenwood and E. J. Todd. 1970. Fish remains from Olduvai. Fossil Vertebrates of Africa 2:225-241
Palaeoloxodon recki;SHKII general;-2.9916;35.327801;1.806;0.781;65-19;NA;;;;Calabrian;;P. H. Greenwood and E. J. Todd. 1970. Fish remains from Olduvai. Fossil Vertebrates of Africa 2:225-241
Palaeoloxodon recki;Senga 13B - Lusso Beds;0.05;29.549999;5.333;0.0117;TG6-1;NA;;;;Pliocene;Pleistocene;P. P. Pavlakis. 1990. Plio-Pleistocene Hippopotamidae from the Upper Semliki. Virgia Museum of Natural History Memior 1:203-223
Palaeoloxodon recki;Senga 5A;0.0333;29.616699;5.333;0.0117;TG6-1;NA;;;;Pliocene;Pleistocene;P. P. Pavlakis. 1990. Plio-Pleistocene Hippopotamidae from the Upper Semliki. Virgia Museum of Natural History Memior 1:203-223
Palaeoloxodon recki;DKI-Level 2;-2.9806;35.3736;2.588;1.806;103-65;NA;;;;Gelasian;;P. Shipman. 1986. Paleoecology of Fort Ternan Reconsidered. Journal of Human Evolution 15(3):193-204
Palaeoloxodon recki;NY 11 - Nyabusosi fm.;1;30.5;5.333;0.0117;TG6-1;NA;;;;Pliocene;Pleistocene;P. Tassy. 1994. Fossil proboscideans,Mammalia, from the Western Rift,Uganda. In:Geol. and palaeo. of the Albertine rift valley II:217-257
Palaeoloxodon recki;Shishan Marsh 1 (SM1);31.832167;36.818833;0.3;0.1;8-5d;NA;;;;;;"Pokines, J.; Lister, A. M.; Ames, C.J.H.; Nowell, A.; Cordova, C. E. (2018): Faunal remains from recent excavations at Shishan Marsh 1 (SM1), a Late Lower Pleistocene open-air site in the Azraq Basin, Jordan. In: Quaternary Research (91), S. 768–791."
Palaeoloxodon recki;Kathu Pan;-27.6639;23.008301;1.806;0.781;65-19;NA;;;;Calabrian;;R. G. Klein. 1979. Paleoenvironmental and Cultural Implications of Late Holocene Archaeological Faunas from the Orange Free State and North Central Cape Province, South Africa. South African Archaeological Bulletin 34:34-49
Palaeoloxodon recki;Power's Site;-28.5333;24.4667;1.806;0.781;65-19;NA;;;;Calabrian;;R. G. Klein. 1979. Paleoenvironmental and Cultural Implications of Late Holocene Archaeological Faunas from the Orange Free State and North Central Cape Province, South Africa. South African Archaeological Bulletin 34:34-49
Palaeoloxodon recki;MNKII MainSt-Mddle BdII;-2.9916;35.337502;1.806;0.781;65-19;NA;;;;Calabrian;;R. L. Hay. 1990. Olduvai Gorge
Palaeoloxodon recki;Omo - member C9;5.058;36.035999;2.588;1.806;103-65;NA;;;;Gelasian;;S. C. Coryndon and Y. Coppens. 1973. Preliminary report on Hippopotamidae (Mammalia, Artiodactyla) from the Plio-Pleistocene of the Lower Omo Basin, Ethiopia. Fossil Vertebrates of Africa 3:139-157
Palaeoloxodon recki;Omo - member F;5.058;36.025002;2.588;1.806;103-65;NA;;;;Gelasian;;S. C. Coryndon and Y. Coppens. 1973. Preliminary report on Hippopotamidae (Mammalia, Artiodactyla) from the Plio-Pleistocene of the Lower Omo Basin, Ethiopia. Fossil Vertebrates of Africa 3:139-157
Palaeoloxodon recki;Woranso-Mille, Ethiopia;11.33383;40.491808;3.8;3.6;Gi11-Gi5;NA;;Elephas recki brumpti;;Pliocene;;"Sanders, W.; Haile-Selassie, Y. (2012): A new assemblage of Mid-Pleistocene Proboscideans from the Woranso-Mille Area, Afar region, Ethiopia: taxonomic, evolutionary, and paleoecolical considerations. In: Journal of Mammal Evolution (19), S. 105–128."
Palaeoloxodon recki;Ti's al Ghadah Unit 5;27.414166;39.401269;0.5;0.3;13-11;NA;;;;Pleistocene;;"Stimpson, C. M.; Lister, A.; Parton, A.; Clark-Balzan, L.; Breeze, P. S.; Drake, N. A. et al. (2016): Middle Pleistocene vertebrate fossils from the Nefud Desert, Saudi Arabia. In: Quaternary Science Reviews (143), S. 13–36.       Stewart, M.; Louys, J.; Groucutt, H. S.; Candy, I.; Clark-Wilson, R.; Breeze, P. S. et al. (2019): Taphonomic and zooarchaeological investigations at the middle Pleistocene site of Ti's al Gadah, western Nefud Desert, Saudi Arabia. In: Quaternary Science Reviews (218), S. 228–253."
Palaeoloxodon recki;Sterkfontein - Member 4;-26.016701;27.733299;2.5;0.781;99-19;NA;;;;Pliocene;Calabrian;T. C. Partridge. 1978. Re-appraisal of lithostratigraphy of Sterkfontein hominid site. Nature 275:282-287
Palaeoloxodon recki;Omo - member B2;5.046;36.035;3.6;2.588;Gi1-103;NA;;;;Piacenzian;;Y. Coppens and F. C. Howell. 1985. Les Faunes Plio-Pleistocenes de las Basse Vallee de l'Omo (Ethiopie), Tome 1: Perissodactyls, Artiodactyls (Bovidae). Cahiers de Paleontologie, Editions du CNRS, Paris
Palaeoloxodon recki;Omo - member D3;5.094;36.021999;2.588;1.806;103-65;NA;;;;Gelasian;;Y. Coppens and F. C. Howell. 1985. Les Faunes Plio-Pleistocenes de las Basse Vallee de l'Omo (Ethiopie), Tome 1: Perissodactyls, Artiodactyls (Bovidae). Cahiers de Paleontologie, Editions du CNRS, Paris
Palaeoloxodon recki;Omo - member E;5.119;36.041;2.588;1.806;103-65;NA;;;;Gelasian;;Y. Coppens and F. C. Howell. 1985. Les Faunes Plio-Pleistocenes de las Basse Vallee de l'Omo (Ethiopie), Tome 1: Perissodactyls, Artiodactyls (Bovidae). Cahiers de Paleontologie, Editions du CNRS, Paris
Palaeoloxodon recki;Omo - member E5;5.119;36.022999;2.588;1.806;103-65;NA;;;;Gelasian;;Y. Coppens and F. C. Howell. 1985. Les Faunes Plio-Pleistocenes de las Basse Vallee de l'Omo (Ethiopie), Tome 1: Perissodactyls, Artiodactyls (Bovidae). Cahiers de Paleontologie, Editions du CNRS, Paris
Palaeoloxodon recki;Omo - member G3;5.088;36.063;2.588;1.806;103-65;NA;;;;Gelasian;;Y. Coppens and F. C. Howell. 1985. Les Faunes Plio-Pleistocenes de las Basse Vallee de l'Omo (Ethiopie), Tome 1: Perissodactyls, Artiodactyls (Bovidae). Cahiers de Paleontologie, Editions du CNRS, Paris
Palaeoloxodon recki;Omo - member C;5.058;36.035999;2.588;1.806;103-65;NA;;;;Gelasian;;Y. Coppens and F. C. Howell. 1987. Les Faunes Plio-Pleistocenes de la Basse Vallee de L'Omo (Ethiopie) Tome 3: Cercopithecidae de la Formation de Shungura. Cahiers de Paleontologie. Editions du CNRS. Paris.
Palaeoloxodon recki;Bura Hasuma;3.8;36.27;1.9;1.55;72-53;NA;Kenya;Elephas reckiileretensis;subspecies;;;
Palaeoloxodon recki;Daka;10.28181568;40.53422928;1.042;0.781;30-19;NA;Ethiopia;Elephas reckirecki;subspecies;;;
Palaeoloxodon recki;East Turkana - Area 123 - KBS;3.867;36.367001;1.806;0.781;65-19;NA;;;;Calabrian;;
Palaeoloxodon recki;FC II West General;-2.989;35.334702;1.806;0.781;65-19;NA;;;;Calabrian;;
Palaeoloxodon recki;HRD;11;42.833;1.9;0.0117;72-1;NA;Djibouti;Elephas reckirecki;subspecies;;;
Palaeoloxodon recki;Ileret 2;4.294445;36.31339;1.87;1.53;70-52;NA;Kenya;Elephas reckiileretensis;subspecies;;;
Palaeoloxodon recki;Ileret 3;4.26903;36.27763;1.53;1.38;52-45;NA;Kenya;Elephas reckirecki;subspecies;;;
Palaeoloxodon recki;Kanjera 1;0.383333333;35;1.072;0.781;31-19;NA;Kenya;Elephas reckirecki;subspecies;;;
Palaeoloxodon recki;Karonga - Unit 3A;-9.833;34.833302;5.333;0.0117;TG6-1;NA;;;;Pliocene;Pleistocene;
Palaeoloxodon recki;Koobi Fora Ridge 3;3.906709;36.23027;1.86;1.53;70-52;NA;Kenya;Elephas reckiileretensis;subspecies;;;
Palaeoloxodon recki;Koobi Fora Ridge 4;3.906715;36.23045;1.53;1.38;52-45;NA;Kenya;Elephas reckirecki;subspecies;;;
Palaeoloxodon recki;Nachukui 1: 2 and 3;4.096176;35.84319;1.33;0.74;42-18;NA;Kenya;Elephas reckirecki;subspecies;Pleistocene;;
Palaeoloxodon recki;Uraha - Unit 3A;-10.333;34.166698;5.333;0.0117;TG6-1;NA;;;;Pliocene;Pleistocene;
Palaeoloxodon recki;West Turkana - Kangatukuseo II;3.867;35.756001;2.588;1.806;103-65;NA;Kenya;;;Gelasian;;
Palaeoloxodon recki;West Turkana 9;4.333;35.867;1.9;0.0117;72-1;NA;Kenya;Elephas reckirecki;subspecies;;;
Palaeoloxodon recki;Nadung'a 4;4.1964;35.7586;0.70;0.70;17;W;Kenya;;;Calabrian;;"Delagnes, A.; Lenoble, A.; Harmand, S.; Brugal, J. P.; Prat, S.; Tiercelin, J. J.; Roche, H. (2006): Interpreting pachyderm single carcass sites in the African Lower and Early Middle Pleistocene record: A multidisciplinary approach to the site of Nadung'a 4 (Kenya). In: Journal of Anthropological Archaeology (25), S. 448–465."
Palaeoloxodon recki;Wadi Bakht;23;25.5;0.0117;0;1;W;;;;Holocene;;
Palaeoloxodon recki;West Turkana - Kalakodo - Kalochoro mbr.;4.1;35.766998;2.4;2.3;94;K;Kenya;;;;;"Harris, J. M.; Brown, F. H.; Leakey, M. G. (Hg.) (1988): Stratigraphy and paleontology of Pliocene and Plistocene localities west of Lake Turkana, Kenya. Natural History Museum of Los Angeles County: Contributions in Science (399)."
Palaeoloxodon recki;West Turkana - Lomekwi VIII - Lokalalei mbr.;3.933;35.757999;2.57;2.47;102-98;NA;Kenya;;;;;"Harris, J. M.; Brown, F. H.; Leakey, M. G. (Hg.) (1988): Stratigraphy and paleontology of Pliocene and Plistocene localities west of Lake Turkana, Kenya. Natural History Museum of Los Angeles County: Contributions in Science (399)."
Palaeoloxodon recki;West Turkana - Nachukui I - Nariokotome mbr.;4.208;35.783001;1.38;1.28;44-40;NA;Kenya;;;;;"Harris, J. M.; Brown, F. H.; Leakey, M. G. (Hg.) (1988): Stratigraphy and paleontology of Pliocene and Plistocene localities west of Lake Turkana, Kenya. Natural History Museum of Los Angeles County: Contributions in Science (399)."
Palaeoloxodon recki;West Turkana - Naiyena Engol II - Kaitio mbr.;4.088;35.7825;1.9;1.86;72-70;NA;Kenya;;;;;"Harris, J. M.; Brown, F. H.; Leakey, M. G. (Hg.) (1988): Stratigraphy and paleontology of Pliocene and Plistocene localities west of Lake Turkana, Kenya. Natural History Museum of Los Angeles County: Contributions in Science (399)."
Palaeoloxodon recki;Olduvai HWK EE;-2.9903;35.362499;1.7;1.5;60-55;NA;Tanzania;;;;;"Pante, M. C.; La Torre, I. de (2018): A hidden treasure of the Lower Pleistocene at Olduvai Gorge, Tanzania: The Leakey HWK EE assemblage. In: Jounal of Human Evolution (120), S. 114–139.       Pante, M. C.; Njau, J. K.; Hensley-Marschand, B.; Keevil, T. L.; Martín-Ramos, C.; Franco Peters, R.; La Torre, I. de (2018): The carnivorous feeding behavior of early Homo at HWK EE, Bed II, Olduvai Gorge, Tanzania. In: Jounal of Human Evolution (120), S. 215–235."
